Patient_ID,Patient_Name,Age,Gender,Visit_Date,Department,Clinical_Note,Disease,Symptoms,Medication,Dosage,Frequency,Treatment_Duration,Temporal_Information,Adverse_Drug_Reaction
P0001,Arun Kumar,58,Male,2025-01-26,Diabetology,"Follow-up visit. Patient reports increased thirst, frequent urination and fatigue for the past 3 weeks. Diagnosed with Type 2 Diabetes Mellitus. Metformin 500 mg was prescribed twice daily for 30 days. No adverse drug reaction reported.",Type 2 Diabetes Mellitus,"increased thirst, frequent urination, fatigue",Metformin,500 mg,twice daily,30 days,for the past 3 weeks,none
P0002,Priya Sharma,65,Female,2025-09-08,Cardiology,Patient presented with headache and dizziness for 2 weeks. Assessment confirmed hypertension. Amlodipine 5 mg was prescribed once daily for 30 days. Mild ankle swelling was reported as an adverse drug reaction.,Hypertension,"headache, dizziness",Amlodipine,5 mg,once daily,30 days,for 2 weeks,mild ankle swelling
P0003,Rahul Krishnan,32,Male,2025-04-15,Pulmonology,"Patient has wheezing, shortness of breath and chest tightness since yesterday. Assessment was consistent with bronchial asthma. Salbutamol inhaler 100 mcg was advised as needed for 14 days. No adverse reaction was noted.",Bronchial Asthma,"wheezing, shortness of breath, chest tightness",Salbutamol inhaler,100 mcg,as needed,14 days,since yesterday,none
P0004,Meena Lakshmi,61,Male,2026-08-28,General Medicine,"Patient reports fever, productive cough and chest pain for 4 days. Imaging suggested community acquired pneumonia. Azithromycin 500 mg was prescribed once daily for 5 days. Mild nausea was reported as an adverse drug reaction.",Community Acquired Pneumonia,"fever, productive cough, chest pain",Azithromycin,500 mg,once daily,5 days,for 4 days,mild nausea
P0005,Santhosh Reddy,45,Male,2025-01-31,Neurology,"Patient complains of severe headache, nausea and sensitivity to light for 1 month. Assessment indicates migraine. Sumatriptan 50 mg was prescribed as needed for 7 days. No adverse drug reaction reported.",Migraine,"severe headache, nausea, sensitivity to light",Sumatriptan,50 mg,as needed,7 days,for 1 month,none
P0006,Kavya Nair,23,Male,2025-08-27,Gastroenterology,"Follow-up visit. Patient has upper abdominal pain, heartburn and nausea for 10 days. Evaluation suggested gastritis. Pantoprazole 40 mg was prescribed once daily for 14 days. No adverse drug reaction reported.",Gastritis,"upper abdominal pain, heartburn, nausea",Pantoprazole,40 mg,once daily,14 days,for 10 days,none
P0007,Vignesh Iyer,50,Male,2026-07-29,Urology,"Patient reports burning urination, urinary frequency and lower abdominal discomfort for 3 days. Findings were consistent with urinary tract infection. Nitrofurantoin 100 mg was prescribed twice daily for 7 days. Mild nausea was recorded as an adverse drug reaction.",Urinary Tract Infection,"burning urination, urinary frequency, lower abdominal discomfort",Nitrofurantoin,100 mg,twice daily,7 days,for 3 days,mild nausea
P0008,Divya Menon,30,Female,2025-08-14,Hematology,"Patient reports fatigue, weakness and pale skin for 2 months. Laboratory findings confirmed iron deficiency anemia. Ferrous Sulfate 325 mg was prescribed once daily for 60 days. Constipation was recorded as an adverse drug reaction.",Iron Deficiency Anemia,"fatigue, weakness, pale skin",Ferrous Sulfate,325 mg,once daily,60 days,for 2 months,constipation
P0009,Karthik Rao,46,Female,2025-01-07,Endocrinology,"Patient complains of fatigue, weight gain and cold intolerance for 6 months. Thyroid testing confirmed hypothyroidism. Levothyroxine 50 mcg was prescribed once daily for 90 days. No adverse drug reaction reported.",Hypothyroidism,"fatigue, weight gain, cold intolerance",Levothyroxine,50 mcg,once daily,90 days,for 6 months,none
P0010,Ananya Patel,66,Male,2026-03-09,Orthopedics,"Patient reports knee pain, stiffness and difficulty walking for 3 months. Assessment confirmed osteoarthritis. Paracetamol 650 mg was prescribed three times daily for 10 days. No adverse drug reaction was reported.",Osteoarthritis,"knee pain, stiffness, difficulty walking",Paracetamol,650 mg,three times daily,10 days,for 3 months,none
P0011,Suresh Pillai,39,Female,2025-06-09,ENT,"Follow-up visit. Patient presents with sneezing, runny nose and itchy eyes for 5 days. Findings were consistent with allergic rhinitis. Cetirizine 10 mg was prescribed once nightly for 10 days. Mild drowsiness was reported as an adverse drug reaction.",Allergic Rhinitis,"sneezing, runny nose, itchy eyes",Cetirizine,10 mg,once nightly,10 days,for 5 days,mild drowsiness
P0012,Nandhini Gupta,31,Female,2025-04-15,General Medicine,"Patient reports cough, sore throat and mild fever for 1 week. Assessment indicated acute bronchitis. Dextromethorphan 10 mg was prescribed three times daily for 5 days. No adverse drug reaction reported.",Acute Bronchitis,"cough, sore throat, mild fever",Dextromethorphan,10 mg,three times daily,5 days,for 1 week,none
P0013,Ravi Varma,23,Female,2025-04-10,Gastroenterology,"Patient has burning stomach pain, nausea and bloating for 3 weeks. Evaluation suggested peptic ulcer disease. Omeprazole 20 mg was prescribed twice daily for 28 days. Headache was documented as an adverse drug reaction.",Peptic Ulcer Disease,"burning stomach pain, nausea, bloating",Omeprazole,20 mg,twice daily,28 days,for 3 weeks,headache
P0014,Keerthana Shah,40,Female,2026-09-11,Cardiology,Recent health screening showed elevated cholesterol consistent with hyperlipidemia. Atorvastatin 20 mg was prescribed once nightly for 90 days. Mild muscle pain was recorded as an adverse drug reaction.,Hyperlipidemia,elevated cholesterol,Atorvastatin,20 mg,once nightly,90 days,during recent health screening,mild muscle pain
P0015,Ajay Singh,34,Male,2026-04-16,ENT,"Patient presents with facial pain, nasal congestion and headache for 6 days. Findings indicated acute sinusitis. Amoxicillin 500 mg was prescribed three times daily for 7 days. Mild diarrhea was recorded as an adverse drug reaction.",Acute Sinusitis,"facial pain, nasal congestion, headache",Amoxicillin,500 mg,three times daily,7 days,for 6 days,mild diarrhea
P0016,Swetha Bose,52,Male,2026-01-23,Dermatology,"Follow-up visit. Patient reports itching, redness and dry skin for 1 week. Examination was consistent with dermatitis. Hydrocortisone cream 1% was advised twice daily for 7 days. No adverse drug reaction was noted.",Dermatitis,"itching, redness, dry skin",Hydrocortisone cream,1%,twice daily,7 days,for 1 week,none
P0017,Pradeep Chandran,23,Female,2026-09-26,Rheumatology,"Patient has joint pain, morning stiffness and swollen fingers for 4 months. Assessment confirmed rheumatoid arthritis. Methotrexate 15 mg was prescribed once weekly for 8 weeks. Mild mouth ulcers were reported as an adverse drug reaction.",Rheumatoid Arthritis,"joint pain, morning stiffness, swollen fingers",Methotrexate,15 mg,once weekly,8 weeks,for 4 months,mild mouth ulcers
P0018,Harini Prakash,74,Female,2026-08-15,Psychiatry,"Patient reports low mood, poor sleep and loss of interest for 2 months. Assessment indicated depression. Sertraline 50 mg was prescribed once daily for 30 days. Mild nausea was documented as an adverse drug reaction.",Depression,"low mood, poor sleep, loss of interest",Sertraline,50 mg,once daily,30 days,for 2 months,mild nausea
P0019,Manoj Das,30,Male,2025-02-16,Gastroenterology,"Patient complains of heartburn, sour taste and chest discomfort for 2 weeks. Assessment was consistent with acid reflux. Famotidine 20 mg was prescribed twice daily for 14 days. No adverse drug reaction reported.",Acid Reflux,"heartburn, sour taste, chest discomfort",Famotidine,20 mg,twice daily,14 days,for 2 weeks,none
P0020,Deepa Mohan,60,Male,2025-10-24,General Medicine,"Patient developed fever, body ache and headache since 2 days. Assessment suggested viral fever. Paracetamol 500 mg was advised every 6 hours as needed for 5 days. No adverse drug reaction reported.",Viral Fever,"fever, body ache, headache",Paracetamol,500 mg,every 6 hours as needed,5 days,since 2 days,none
P0021,Arun Kumar 2,23,Male,2025-04-14,Dermatology,"Follow-up visit. Patient presents with facial pimples, oily skin and redness for 3 months. Assessment confirmed acne vulgaris. Doxycycline 100 mg was prescribed once daily for 30 days. Mild stomach upset was reported as an adverse drug reaction.",Acne Vulgaris,"facial pimples, oily skin, redness",Doxycycline,100 mg,once daily,30 days,for 3 months,mild stomach upset
P0022,Priya Sharma 2,42,Female,2026-04-10,Diabetology,"Patient reports increased thirst, frequent urination and fatigue for the past 3 weeks. Diagnosed with Type 2 Diabetes Mellitus. Metformin 500 mg was prescribed twice daily for 30 days. No adverse drug reaction reported.",Type 2 Diabetes Mellitus,"increased thirst, frequent urination, fatigue",Metformin,500 mg,twice daily,30 days,for the past 3 weeks,none
P0023,Rahul Krishnan 2,58,Female,2025-06-16,Cardiology,Patient presented with headache and dizziness for 2 weeks. Assessment confirmed hypertension. Amlodipine 5 mg was prescribed once daily for 30 days. Mild ankle swelling was reported as an adverse drug reaction.,Hypertension,"headache, dizziness",Amlodipine,5 mg,once daily,30 days,for 2 weeks,mild ankle swelling
P0024,Meena Lakshmi 2,41,Female,2025-08-03,Pulmonology,"Patient has wheezing, shortness of breath and chest tightness since yesterday. Assessment was consistent with bronchial asthma. Salbutamol inhaler 100 mcg was advised as needed for 14 days. No adverse reaction was noted.",Bronchial Asthma,"wheezing, shortness of breath, chest tightness",Salbutamol inhaler,100 mcg,as needed,14 days,since yesterday,none
P0025,Santhosh Reddy 2,60,Female,2025-03-15,General Medicine,"Patient reports fever, productive cough and chest pain for 4 days. Imaging suggested community acquired pneumonia. Azithromycin 500 mg was prescribed once daily for 5 days. Mild nausea was reported as an adverse drug reaction.",Community Acquired Pneumonia,"fever, productive cough, chest pain",Azithromycin,500 mg,once daily,5 days,for 4 days,mild nausea
P0026,Kavya Nair 2,56,Male,2026-07-01,Neurology,"Follow-up visit. Patient complains of severe headache, nausea and sensitivity to light for 1 month. Assessment indicates migraine. Sumatriptan 50 mg was prescribed as needed for 7 days. No adverse drug reaction reported.",Migraine,"severe headache, nausea, sensitivity to light",Sumatriptan,50 mg,as needed,7 days,for 1 month,none
P0027,Vignesh Iyer 2,64,Male,2025-06-17,Gastroenterology,"Patient has upper abdominal pain, heartburn and nausea for 10 days. Evaluation suggested gastritis. Pantoprazole 40 mg was prescribed once daily for 14 days. No adverse drug reaction reported.",Gastritis,"upper abdominal pain, heartburn, nausea",Pantoprazole,40 mg,once daily,14 days,for 10 days,none
P0028,Divya Menon 2,47,Female,2025-10-04,Urology,"Patient reports burning urination, urinary frequency and lower abdominal discomfort for 3 days. Findings were consistent with urinary tract infection. Nitrofurantoin 100 mg was prescribed twice daily for 7 days. Mild nausea was recorded as an adverse drug reaction.",Urinary Tract Infection,"burning urination, urinary frequency, lower abdominal discomfort",Nitrofurantoin,100 mg,twice daily,7 days,for 3 days,mild nausea
P0029,Karthik Rao 2,77,Male,2025-11-29,Hematology,"Patient reports fatigue, weakness and pale skin for 2 months. Laboratory findings confirmed iron deficiency anemia. Ferrous Sulfate 325 mg was prescribed once daily for 60 days. Constipation was recorded as an adverse drug reaction.",Iron Deficiency Anemia,"fatigue, weakness, pale skin",Ferrous Sulfate,325 mg,once daily,60 days,for 2 months,constipation
P0030,Ananya Patel 2,71,Male,2025-08-23,Endocrinology,"Patient complains of fatigue, weight gain and cold intolerance for 6 months. Thyroid testing confirmed hypothyroidism. Levothyroxine 50 mcg was prescribed once daily for 90 days. No adverse drug reaction reported.",Hypothyroidism,"fatigue, weight gain, cold intolerance",Levothyroxine,50 mcg,once daily,90 days,for 6 months,none
P0031,Suresh Pillai 2,70,Male,2025-11-20,Orthopedics,"Follow-up visit. Patient reports knee pain, stiffness and difficulty walking for 3 months. Assessment confirmed osteoarthritis. Paracetamol 650 mg was prescribed three times daily for 10 days. No adverse drug reaction was reported.",Osteoarthritis,"knee pain, stiffness, difficulty walking",Paracetamol,650 mg,three times daily,10 days,for 3 months,none
P0032,Nandhini Gupta 2,43,Female,2025-03-09,ENT,"Patient presents with sneezing, runny nose and itchy eyes for 5 days. Findings were consistent with allergic rhinitis. Cetirizine 10 mg was prescribed once nightly for 10 days. Mild drowsiness was reported as an adverse drug reaction.",Allergic Rhinitis,"sneezing, runny nose, itchy eyes",Cetirizine,10 mg,once nightly,10 days,for 5 days,mild drowsiness
P0033,Ravi Varma 2,31,Female,2025-08-06,General Medicine,"Patient reports cough, sore throat and mild fever for 1 week. Assessment indicated acute bronchitis. Dextromethorphan 10 mg was prescribed three times daily for 5 days. No adverse drug reaction reported.",Acute Bronchitis,"cough, sore throat, mild fever",Dextromethorphan,10 mg,three times daily,5 days,for 1 week,none
P0034,Keerthana Shah 2,59,Female,2026-02-10,Gastroenterology,"Patient has burning stomach pain, nausea and bloating for 3 weeks. Evaluation suggested peptic ulcer disease. Omeprazole 20 mg was prescribed twice daily for 28 days. Headache was documented as an adverse drug reaction.",Peptic Ulcer Disease,"burning stomach pain, nausea, bloating",Omeprazole,20 mg,twice daily,28 days,for 3 weeks,headache
P0035,Ajay Singh 2,74,Female,2025-05-27,Cardiology,Recent health screening showed elevated cholesterol consistent with hyperlipidemia. Atorvastatin 20 mg was prescribed once nightly for 90 days. Mild muscle pain was recorded as an adverse drug reaction.,Hyperlipidemia,elevated cholesterol,Atorvastatin,20 mg,once nightly,90 days,during recent health screening,mild muscle pain
P0036,Swetha Bose 2,34,Male,2025-09-10,ENT,"Follow-up visit. Patient presents with facial pain, nasal congestion and headache for 6 days. Findings indicated acute sinusitis. Amoxicillin 500 mg was prescribed three times daily for 7 days. Mild diarrhea was recorded as an adverse drug reaction.",Acute Sinusitis,"facial pain, nasal congestion, headache",Amoxicillin,500 mg,three times daily,7 days,for 6 days,mild diarrhea
P0037,Pradeep Chandran 2,65,Female,2026-08-22,Dermatology,"Patient reports itching, redness and dry skin for 1 week. Examination was consistent with dermatitis. Hydrocortisone cream 1% was advised twice daily for 7 days. No adverse drug reaction was noted.",Dermatitis,"itching, redness, dry skin",Hydrocortisone cream,1%,twice daily,7 days,for 1 week,none
P0038,Harini Prakash 2,45,Female,2026-01-06,Rheumatology,"Patient has joint pain, morning stiffness and swollen fingers for 4 months. Assessment confirmed rheumatoid arthritis. Methotrexate 15 mg was prescribed once weekly for 8 weeks. Mild mouth ulcers were reported as an adverse drug reaction.",Rheumatoid Arthritis,"joint pain, morning stiffness, swollen fingers",Methotrexate,15 mg,once weekly,8 weeks,for 4 months,mild mouth ulcers
P0039,Manoj Das 2,32,Male,2026-06-06,Psychiatry,"Patient reports low mood, poor sleep and loss of interest for 2 months. Assessment indicated depression. Sertraline 50 mg was prescribed once daily for 30 days. Mild nausea was documented as an adverse drug reaction.",Depression,"low mood, poor sleep, loss of interest",Sertraline,50 mg,once daily,30 days,for 2 months,mild nausea
P0040,Deepa Mohan 2,49,Male,2025-02-18,Gastroenterology,"Patient complains of heartburn, sour taste and chest discomfort for 2 weeks. Assessment was consistent with acid reflux. Famotidine 20 mg was prescribed twice daily for 14 days. No adverse drug reaction reported.",Acid Reflux,"heartburn, sour taste, chest discomfort",Famotidine,20 mg,twice daily,14 days,for 2 weeks,none
P0041,Arun Kumar 3,73,Male,2025-06-06,General Medicine,"Follow-up visit. Patient developed fever, body ache and headache since 2 days. Assessment suggested viral fever. Paracetamol 500 mg was advised every 6 hours as needed for 5 days. No adverse drug reaction reported.",Viral Fever,"fever, body ache, headache",Paracetamol,500 mg,every 6 hours as needed,5 days,since 2 days,none
P0042,Priya Sharma 3,58,Male,2026-03-09,Dermatology,"Patient presents with facial pimples, oily skin and redness for 3 months. Assessment confirmed acne vulgaris. Doxycycline 100 mg was prescribed once daily for 30 days. Mild stomach upset was reported as an adverse drug reaction.",Acne Vulgaris,"facial pimples, oily skin, redness",Doxycycline,100 mg,once daily,30 days,for 3 months,mild stomach upset
P0043,Rahul Krishnan 3,56,Male,2026-01-30,Diabetology,"Patient reports increased thirst, frequent urination and fatigue for the past 3 weeks. Diagnosed with Type 2 Diabetes Mellitus. Metformin 500 mg was prescribed twice daily for 30 days. No adverse drug reaction reported.",Type 2 Diabetes Mellitus,"increased thirst, frequent urination, fatigue",Metformin,500 mg,twice daily,30 days,for the past 3 weeks,none
P0044,Meena Lakshmi 3,42,Female,2026-06-26,Cardiology,Patient presented with headache and dizziness for 2 weeks. Assessment confirmed hypertension. Amlodipine 5 mg was prescribed once daily for 30 days. Mild ankle swelling was reported as an adverse drug reaction.,Hypertension,"headache, dizziness",Amlodipine,5 mg,once daily,30 days,for 2 weeks,mild ankle swelling
P0045,Santhosh Reddy 3,34,Male,2025-04-28,Pulmonology,"Patient has wheezing, shortness of breath and chest tightness since yesterday. Assessment was consistent with bronchial asthma. Salbutamol inhaler 100 mcg was advised as needed for 14 days. No adverse reaction was noted.",Bronchial Asthma,"wheezing, shortness of breath, chest tightness",Salbutamol inhaler,100 mcg,as needed,14 days,since yesterday,none
P0046,Kavya Nair 3,61,Female,2025-12-15,General Medicine,"Follow-up visit. Patient reports fever, productive cough and chest pain for 4 days. Imaging suggested community acquired pneumonia. Azithromycin 500 mg was prescribed once daily for 5 days. Mild nausea was reported as an adverse drug reaction.",Community Acquired Pneumonia,"fever, productive cough, chest pain",Azithromycin,500 mg,once daily,5 days,for 4 days,mild nausea
P0047,Vignesh Iyer 3,25,Female,2026-03-22,Neurology,"Patient complains of severe headache, nausea and sensitivity to light for 1 month. Assessment indicates migraine. Sumatriptan 50 mg was prescribed as needed for 7 days. No adverse drug reaction reported.",Migraine,"severe headache, nausea, sensitivity to light",Sumatriptan,50 mg,as needed,7 days,for 1 month,none
P0048,Divya Menon 3,28,Female,2025-01-04,Gastroenterology,"Patient has upper abdominal pain, heartburn and nausea for 10 days. Evaluation suggested gastritis. Pantoprazole 40 mg was prescribed once daily for 14 days. No adverse drug reaction reported.",Gastritis,"upper abdominal pain, heartburn, nausea",Pantoprazole,40 mg,once daily,14 days,for 10 days,none
P0049,Karthik Rao 3,64,Female,2026-05-28,Urology,"Patient reports burning urination, urinary frequency and lower abdominal discomfort for 3 days. Findings were consistent with urinary tract infection. Nitrofurantoin 100 mg was prescribed twice daily for 7 days. Mild nausea was recorded as an adverse drug reaction.",Urinary Tract Infection,"burning urination, urinary frequency, lower abdominal discomfort",Nitrofurantoin,100 mg,twice daily,7 days,for 3 days,mild nausea
P0050,Ananya Patel 3,66,Male,2026-06-04,Hematology,"Patient reports fatigue, weakness and pale skin for 2 months. Laboratory findings confirmed iron deficiency anemia. Ferrous Sulfate 325 mg was prescribed once daily for 60 days. Constipation was recorded as an adverse drug reaction.",Iron Deficiency Anemia,"fatigue, weakness, pale skin",Ferrous Sulfate,325 mg,once daily,60 days,for 2 months,constipation
P0051,Suresh Pillai 3,76,Male,2026-10-03,Endocrinology,"Follow-up visit. Patient complains of fatigue, weight gain and cold intolerance for 6 months. Thyroid testing confirmed hypothyroidism. Levothyroxine 50 mcg was prescribed once daily for 90 days. No adverse drug reaction reported.",Hypothyroidism,"fatigue, weight gain, cold intolerance",Levothyroxine,50 mcg,once daily,90 days,for 6 months,none
P0052,Nandhini Gupta 3,37,Male,2025-06-06,Orthopedics,"Patient reports knee pain, stiffness and difficulty walking for 3 months. Assessment confirmed osteoarthritis. Paracetamol 650 mg was prescribed three times daily for 10 days. No adverse drug reaction was reported.",Osteoarthritis,"knee pain, stiffness, difficulty walking",Paracetamol,650 mg,three times daily,10 days,for 3 months,none
P0053,Ravi Varma 3,41,Male,2026-07-07,ENT,"Patient presents with sneezing, runny nose and itchy eyes for 5 days. Findings were consistent with allergic rhinitis. Cetirizine 10 mg was prescribed once nightly for 10 days. Mild drowsiness was reported as an adverse drug reaction.",Allergic Rhinitis,"sneezing, runny nose, itchy eyes",Cetirizine,10 mg,once nightly,10 days,for 5 days,mild drowsiness
P0054,Keerthana Shah 3,67,Male,2026-09-06,General Medicine,"Patient reports cough, sore throat and mild fever for 1 week. Assessment indicated acute bronchitis. Dextromethorphan 10 mg was prescribed three times daily for 5 days. No adverse drug reaction reported.",Acute Bronchitis,"cough, sore throat, mild fever",Dextromethorphan,10 mg,three times daily,5 days,for 1 week,none
P0055,Ajay Singh 3,38,Female,2025-01-20,Gastroenterology,"Patient has burning stomach pain, nausea and bloating for 3 weeks. Evaluation suggested peptic ulcer disease. Omeprazole 20 mg was prescribed twice daily for 28 days. Headache was documented as an adverse drug reaction.",Peptic Ulcer Disease,"burning stomach pain, nausea, bloating",Omeprazole,20 mg,twice daily,28 days,for 3 weeks,headache
P0056,Swetha Bose 3,25,Female,2025-11-11,Cardiology,Follow-up visit. Recent health screening showed elevated cholesterol consistent with hyperlipidemia. Atorvastatin 20 mg was prescribed once nightly for 90 days. Mild muscle pain was recorded as an adverse drug reaction.,Hyperlipidemia,elevated cholesterol,Atorvastatin,20 mg,once nightly,90 days,during recent health screening,mild muscle pain
P0057,Pradeep Chandran 3,33,Male,2025-09-04,ENT,"Patient presents with facial pain, nasal congestion and headache for 6 days. Findings indicated acute sinusitis. Amoxicillin 500 mg was prescribed three times daily for 7 days. Mild diarrhea was recorded as an adverse drug reaction.",Acute Sinusitis,"facial pain, nasal congestion, headache",Amoxicillin,500 mg,three times daily,7 days,for 6 days,mild diarrhea
P0058,Harini Prakash 3,74,Male,2025-03-29,Dermatology,"Patient reports itching, redness and dry skin for 1 week. Examination was consistent with dermatitis. Hydrocortisone cream 1% was advised twice daily for 7 days. No adverse drug reaction was noted.",Dermatitis,"itching, redness, dry skin",Hydrocortisone cream,1%,twice daily,7 days,for 1 week,none
P0059,Manoj Das 3,64,Female,2025-03-12,Rheumatology,"Patient has joint pain, morning stiffness and swollen fingers for 4 months. Assessment confirmed rheumatoid arthritis. Methotrexate 15 mg was prescribed once weekly for 8 weeks. Mild mouth ulcers were reported as an adverse drug reaction.",Rheumatoid Arthritis,"joint pain, morning stiffness, swollen fingers",Methotrexate,15 mg,once weekly,8 weeks,for 4 months,mild mouth ulcers
P0060,Deepa Mohan 3,66,Male,2025-05-12,Psychiatry,"Patient reports low mood, poor sleep and loss of interest for 2 months. Assessment indicated depression. Sertraline 50 mg was prescribed once daily for 30 days. Mild nausea was documented as an adverse drug reaction.",Depression,"low mood, poor sleep, loss of interest",Sertraline,50 mg,once daily,30 days,for 2 months,mild nausea
P0061,Arun Kumar 4,60,Female,2026-07-17,Gastroenterology,"Follow-up visit. Patient complains of heartburn, sour taste and chest discomfort for 2 weeks. Assessment was consistent with acid reflux. Famotidine 20 mg was prescribed twice daily for 14 days. No adverse drug reaction reported.",Acid Reflux,"heartburn, sour taste, chest discomfort",Famotidine,20 mg,twice daily,14 days,for 2 weeks,none
P0062,Priya Sharma 4,28,Female,2026-06-25,General Medicine,"Patient developed fever, body ache and headache since 2 days. Assessment suggested viral fever. Paracetamol 500 mg was advised every 6 hours as needed for 5 days. No adverse drug reaction reported.",Viral Fever,"fever, body ache, headache",Paracetamol,500 mg,every 6 hours as needed,5 days,since 2 days,none
P0063,Rahul Krishnan 4,73,Female,2025-08-05,Dermatology,"Patient presents with facial pimples, oily skin and redness for 3 months. Assessment confirmed acne vulgaris. Doxycycline 100 mg was prescribed once daily for 30 days. Mild stomach upset was reported as an adverse drug reaction.",Acne Vulgaris,"facial pimples, oily skin, redness",Doxycycline,100 mg,once daily,30 days,for 3 months,mild stomach upset
P0064,Meena Lakshmi 4,77,Male,2025-11-16,Diabetology,"Patient reports increased thirst, frequent urination and fatigue for the past 3 weeks. Diagnosed with Type 2 Diabetes Mellitus. Metformin 500 mg was prescribed twice daily for 30 days. No adverse drug reaction reported.",Type 2 Diabetes Mellitus,"increased thirst, frequent urination, fatigue",Metformin,500 mg,twice daily,30 days,for the past 3 weeks,none
P0065,Santhosh Reddy 4,43,Female,2026-03-25,Cardiology,Patient presented with headache and dizziness for 2 weeks. Assessment confirmed hypertension. Amlodipine 5 mg was prescribed once daily for 30 days. Mild ankle swelling was reported as an adverse drug reaction.,Hypertension,"headache, dizziness",Amlodipine,5 mg,once daily,30 days,for 2 weeks,mild ankle swelling
P0066,Kavya Nair 4,75,Female,2025-05-04,Pulmonology,"Follow-up visit. Patient has wheezing, shortness of breath and chest tightness since yesterday. Assessment was consistent with bronchial asthma. Salbutamol inhaler 100 mcg was advised as needed for 14 days. No adverse reaction was noted.",Bronchial Asthma,"wheezing, shortness of breath, chest tightness",Salbutamol inhaler,100 mcg,as needed,14 days,since yesterday,none
P0067,Vignesh Iyer 4,33,Male,2025-03-07,General Medicine,"Patient reports fever, productive cough and chest pain for 4 days. Imaging suggested community acquired pneumonia. Azithromycin 500 mg was prescribed once daily for 5 days. Mild nausea was reported as an adverse drug reaction.",Community Acquired Pneumonia,"fever, productive cough, chest pain",Azithromycin,500 mg,once daily,5 days,for 4 days,mild nausea
P0068,Divya Menon 4,39,Male,2026-08-26,Neurology,"Patient complains of severe headache, nausea and sensitivity to light for 1 month. Assessment indicates migraine. Sumatriptan 50 mg was prescribed as needed for 7 days. No adverse drug reaction reported.",Migraine,"severe headache, nausea, sensitivity to light",Sumatriptan,50 mg,as needed,7 days,for 1 month,none
P0069,Karthik Rao 4,53,Male,2026-08-26,Gastroenterology,"Patient has upper abdominal pain, heartburn and nausea for 10 days. Evaluation suggested gastritis. Pantoprazole 40 mg was prescribed once daily for 14 days. No adverse drug reaction reported.",Gastritis,"upper abdominal pain, heartburn, nausea",Pantoprazole,40 mg,once daily,14 days,for 10 days,none
P0070,Ananya Patel 4,32,Male,2025-03-14,Urology,"Patient reports burning urination, urinary frequency and lower abdominal discomfort for 3 days. Findings were consistent with urinary tract infection. Nitrofurantoin 100 mg was prescribed twice daily for 7 days. Mild nausea was recorded as an adverse drug reaction.",Urinary Tract Infection,"burning urination, urinary frequency, lower abdominal discomfort",Nitrofurantoin,100 mg,twice daily,7 days,for 3 days,mild nausea
P0071,Suresh Pillai 4,63,Male,2025-08-23,Hematology,"Follow-up visit. Patient reports fatigue, weakness and pale skin for 2 months. Laboratory findings confirmed iron deficiency anemia. Ferrous Sulfate 325 mg was prescribed once daily for 60 days. Constipation was recorded as an adverse drug reaction.",Iron Deficiency Anemia,"fatigue, weakness, pale skin",Ferrous Sulfate,325 mg,once daily,60 days,for 2 months,constipation
P0072,Nandhini Gupta 4,22,Male,2025-12-05,Endocrinology,"Patient complains of fatigue, weight gain and cold intolerance for 6 months. Thyroid testing confirmed hypothyroidism. Levothyroxine 50 mcg was prescribed once daily for 90 days. No adverse drug reaction reported.",Hypothyroidism,"fatigue, weight gain, cold intolerance",Levothyroxine,50 mcg,once daily,90 days,for 6 months,none
P0073,Ravi Varma 4,22,Male,2025-10-13,Orthopedics,"Patient reports knee pain, stiffness and difficulty walking for 3 months. Assessment confirmed osteoarthritis. Paracetamol 650 mg was prescribed three times daily for 10 days. No adverse drug reaction was reported.",Osteoarthritis,"knee pain, stiffness, difficulty walking",Paracetamol,650 mg,three times daily,10 days,for 3 months,none
P0074,Keerthana Shah 4,60,Female,2025-08-08,ENT,"Patient presents with sneezing, runny nose and itchy eyes for 5 days. Findings were consistent with allergic rhinitis. Cetirizine 10 mg was prescribed once nightly for 10 days. Mild drowsiness was reported as an adverse drug reaction.",Allergic Rhinitis,"sneezing, runny nose, itchy eyes",Cetirizine,10 mg,once nightly,10 days,for 5 days,mild drowsiness
P0075,Ajay Singh 4,52,Male,2026-08-08,General Medicine,"Patient reports cough, sore throat and mild fever for 1 week. Assessment indicated acute bronchitis. Dextromethorphan 10 mg was prescribed three times daily for 5 days. No adverse drug reaction reported.",Acute Bronchitis,"cough, sore throat, mild fever",Dextromethorphan,10 mg,three times daily,5 days,for 1 week,none
P0076,Swetha Bose 4,54,Female,2025-09-06,Gastroenterology,"Follow-up visit. Patient has burning stomach pain, nausea and bloating for 3 weeks. Evaluation suggested peptic ulcer disease. Omeprazole 20 mg was prescribed twice daily for 28 days. Headache was documented as an adverse drug reaction.",Peptic Ulcer Disease,"burning stomach pain, nausea, bloating",Omeprazole,20 mg,twice daily,28 days,for 3 weeks,headache
P0077,Pradeep Chandran 4,68,Female,2026-02-21,Cardiology,Recent health screening showed elevated cholesterol consistent with hyperlipidemia. Atorvastatin 20 mg was prescribed once nightly for 90 days. Mild muscle pain was recorded as an adverse drug reaction.,Hyperlipidemia,elevated cholesterol,Atorvastatin,20 mg,once nightly,90 days,during recent health screening,mild muscle pain
P0078,Harini Prakash 4,30,Male,2025-04-10,ENT,"Patient presents with facial pain, nasal congestion and headache for 6 days. Findings indicated acute sinusitis. Amoxicillin 500 mg was prescribed three times daily for 7 days. Mild diarrhea was recorded as an adverse drug reaction.",Acute Sinusitis,"facial pain, nasal congestion, headache",Amoxicillin,500 mg,three times daily,7 days,for 6 days,mild diarrhea
P0079,Manoj Das 4,60,Female,2025-12-29,Dermatology,"Patient reports itching, redness and dry skin for 1 week. Examination was consistent with dermatitis. Hydrocortisone cream 1% was advised twice daily for 7 days. No adverse drug reaction was noted.",Dermatitis,"itching, redness, dry skin",Hydrocortisone cream,1%,twice daily,7 days,for 1 week,none
P0080,Deepa Mohan 4,45,Female,2026-04-24,Rheumatology,"Patient has joint pain, morning stiffness and swollen fingers for 4 months. Assessment confirmed rheumatoid arthritis. Methotrexate 15 mg was prescribed once weekly for 8 weeks. Mild mouth ulcers were reported as an adverse drug reaction.",Rheumatoid Arthritis,"joint pain, morning stiffness, swollen fingers",Methotrexate,15 mg,once weekly,8 weeks,for 4 months,mild mouth ulcers
P0081,Arun Kumar 5,73,Male,2025-04-11,Psychiatry,"Follow-up visit. Patient reports low mood, poor sleep and loss of interest for 2 months. Assessment indicated depression. Sertraline 50 mg was prescribed once daily for 30 days. Mild nausea was documented as an adverse drug reaction.",Depression,"low mood, poor sleep, loss of interest",Sertraline,50 mg,once daily,30 days,for 2 months,mild nausea
P0082,Priya Sharma 5,21,Female,2025-12-14,Gastroenterology,"Patient complains of heartburn, sour taste and chest discomfort for 2 weeks. Assessment was consistent with acid reflux. Famotidine 20 mg was prescribed twice daily for 14 days. No adverse drug reaction reported.",Acid Reflux,"heartburn, sour taste, chest discomfort",Famotidine,20 mg,twice daily,14 days,for 2 weeks,none
P0083,Rahul Krishnan 5,69,Male,2025-09-12,General Medicine,"Patient developed fever, body ache and headache since 2 days. Assessment suggested viral fever. Paracetamol 500 mg was advised every 6 hours as needed for 5 days. No adverse drug reaction reported.",Viral Fever,"fever, body ache, headache",Paracetamol,500 mg,every 6 hours as needed,5 days,since 2 days,none
P0084,Meena Lakshmi 5,30,Male,2026-07-04,Dermatology,"Patient presents with facial pimples, oily skin and redness for 3 months. Assessment confirmed acne vulgaris. Doxycycline 100 mg was prescribed once daily for 30 days. Mild stomach upset was reported as an adverse drug reaction.",Acne Vulgaris,"facial pimples, oily skin, redness",Doxycycline,100 mg,once daily,30 days,for 3 months,mild stomach upset
P0085,Santhosh Reddy 5,46,Male,2026-03-09,Diabetology,"Patient reports increased thirst, frequent urination and fatigue for the past 3 weeks. Diagnosed with Type 2 Diabetes Mellitus. Metformin 500 mg was prescribed twice daily for 30 days. No adverse drug reaction reported.",Type 2 Diabetes Mellitus,"increased thirst, frequent urination, fatigue",Metformin,500 mg,twice daily,30 days,for the past 3 weeks,none
P0086,Kavya Nair 5,29,Female,2026-04-19,Cardiology,Follow-up visit. Patient presented with headache and dizziness for 2 weeks. Assessment confirmed hypertension. Amlodipine 5 mg was prescribed once daily for 30 days. Mild ankle swelling was reported as an adverse drug reaction.,Hypertension,"headache, dizziness",Amlodipine,5 mg,once daily,30 days,for 2 weeks,mild ankle swelling
P0087,Vignesh Iyer 5,33,Male,2026-03-30,Pulmonology,"Patient has wheezing, shortness of breath and chest tightness since yesterday. Assessment was consistent with bronchial asthma. Salbutamol inhaler 100 mcg was advised as needed for 14 days. No adverse reaction was noted.",Bronchial Asthma,"wheezing, shortness of breath, chest tightness",Salbutamol inhaler,100 mcg,as needed,14 days,since yesterday,none
P0088,Divya Menon 5,69,Male,2025-02-21,General Medicine,"Patient reports fever, productive cough and chest pain for 4 days. Imaging suggested community acquired pneumonia. Azithromycin 500 mg was prescribed once daily for 5 days. Mild nausea was reported as an adverse drug reaction.",Community Acquired Pneumonia,"fever, productive cough, chest pain",Azithromycin,500 mg,once daily,5 days,for 4 days,mild nausea
P0089,Karthik Rao 5,59,Male,2025-04-06,Neurology,"Patient complains of severe headache, nausea and sensitivity to light for 1 month. Assessment indicates migraine. Sumatriptan 50 mg was prescribed as needed for 7 days. No adverse drug reaction reported.",Migraine,"severe headache, nausea, sensitivity to light",Sumatriptan,50 mg,as needed,7 days,for 1 month,none
P0090,Ananya Patel 5,77,Male,2025-06-20,Gastroenterology,"Patient has upper abdominal pain, heartburn and nausea for 10 days. Evaluation suggested gastritis. Pantoprazole 40 mg was prescribed once daily for 14 days. No adverse drug reaction reported.",Gastritis,"upper abdominal pain, heartburn, nausea",Pantoprazole,40 mg,once daily,14 days,for 10 days,none
P0091,Suresh Pillai 5,44,Female,2026-05-08,Urology,"Follow-up visit. Patient reports burning urination, urinary frequency and lower abdominal discomfort for 3 days. Findings were consistent with urinary tract infection. Nitrofurantoin 100 mg was prescribed twice daily for 7 days. Mild nausea was recorded as an adverse drug reaction.",Urinary Tract Infection,"burning urination, urinary frequency, lower abdominal discomfort",Nitrofurantoin,100 mg,twice daily,7 days,for 3 days,mild nausea
P0092,Nandhini Gupta 5,31,Female,2025-03-02,Hematology,"Patient reports fatigue, weakness and pale skin for 2 months. Laboratory findings confirmed iron deficiency anemia. Ferrous Sulfate 325 mg was prescribed once daily for 60 days. Constipation was recorded as an adverse drug reaction.",Iron Deficiency Anemia,"fatigue, weakness, pale skin",Ferrous Sulfate,325 mg,once daily,60 days,for 2 months,constipation
P0093,Ravi Varma 5,28,Female,2025-01-03,Endocrinology,"Patient complains of fatigue, weight gain and cold intolerance for 6 months. Thyroid testing confirmed hypothyroidism. Levothyroxine 50 mcg was prescribed once daily for 90 days. No adverse drug reaction reported.",Hypothyroidism,"fatigue, weight gain, cold intolerance",Levothyroxine,50 mcg,once daily,90 days,for 6 months,none
P0094,Keerthana Shah 5,42,Female,2026-04-11,Orthopedics,"Patient reports knee pain, stiffness and difficulty walking for 3 months. Assessment confirmed osteoarthritis. Paracetamol 650 mg was prescribed three times daily for 10 days. No adverse drug reaction was reported.",Osteoarthritis,"knee pain, stiffness, difficulty walking",Paracetamol,650 mg,three times daily,10 days,for 3 months,none
P0095,Ajay Singh 5,36,Female,2026-07-24,ENT,"Patient presents with sneezing, runny nose and itchy eyes for 5 days. Findings were consistent with allergic rhinitis. Cetirizine 10 mg was prescribed once nightly for 10 days. Mild drowsiness was reported as an adverse drug reaction.",Allergic Rhinitis,"sneezing, runny nose, itchy eyes",Cetirizine,10 mg,once nightly,10 days,for 5 days,mild drowsiness
P0096,Swetha Bose 5,60,Female,2025-06-08,General Medicine,"Follow-up visit. Patient reports cough, sore throat and mild fever for 1 week. Assessment indicated acute bronchitis. Dextromethorphan 10 mg was prescribed three times daily for 5 days. No adverse drug reaction reported.",Acute Bronchitis,"cough, sore throat, mild fever",Dextromethorphan,10 mg,three times daily,5 days,for 1 week,none
P0097,Pradeep Chandran 5,30,Female,2025-08-11,Gastroenterology,"Patient has burning stomach pain, nausea and bloating for 3 weeks. Evaluation suggested peptic ulcer disease. Omeprazole 20 mg was prescribed twice daily for 28 days. Headache was documented as an adverse drug reaction.",Peptic Ulcer Disease,"burning stomach pain, nausea, bloating",Omeprazole,20 mg,twice daily,28 days,for 3 weeks,headache
P0098,Harini Prakash 5,21,Male,2025-11-18,Cardiology,Recent health screening showed elevated cholesterol consistent with hyperlipidemia. Atorvastatin 20 mg was prescribed once nightly for 90 days. Mild muscle pain was recorded as an adverse drug reaction.,Hyperlipidemia,elevated cholesterol,Atorvastatin,20 mg,once nightly,90 days,during recent health screening,mild muscle pain
P0099,Manoj Das 5,21,Male,2026-08-22,ENT,"Patient presents with facial pain, nasal congestion and headache for 6 days. Findings indicated acute sinusitis. Amoxicillin 500 mg was prescribed three times daily for 7 days. Mild diarrhea was recorded as an adverse drug reaction.",Acute Sinusitis,"facial pain, nasal congestion, headache",Amoxicillin,500 mg,three times daily,7 days,for 6 days,mild diarrhea
P0100,Deepa Mohan 5,48,Male,2025-02-28,Dermatology,"Patient reports itching, redness and dry skin for 1 week. Examination was consistent with dermatitis. Hydrocortisone cream 1% was advised twice daily for 7 days. No adverse drug reaction was noted.",Dermatitis,"itching, redness, dry skin",Hydrocortisone cream,1%,twice daily,7 days,for 1 week,none
P0101,Arun Kumar 6,50,Male,2025-07-10,Rheumatology,"Follow-up visit. Patient has joint pain, morning stiffness and swollen fingers for 4 months. Assessment confirmed rheumatoid arthritis. Methotrexate 15 mg was prescribed once weekly for 8 weeks. Mild mouth ulcers were reported as an adverse drug reaction.",Rheumatoid Arthritis,"joint pain, morning stiffness, swollen fingers",Methotrexate,15 mg,once weekly,8 weeks,for 4 months,mild mouth ulcers
P0102,Priya Sharma 6,22,Male,2025-08-29,Psychiatry,"Patient reports low mood, poor sleep and loss of interest for 2 months. Assessment indicated depression. Sertraline 50 mg was prescribed once daily for 30 days. Mild nausea was documented as an adverse drug reaction.",Depression,"low mood, poor sleep, loss of interest",Sertraline,50 mg,once daily,30 days,for 2 months,mild nausea
P0103,Rahul Krishnan 6,43,Male,2026-08-07,Gastroenterology,"Patient complains of heartburn, sour taste and chest discomfort for 2 weeks. Assessment was consistent with acid reflux. Famotidine 20 mg was prescribed twice daily for 14 days. No adverse drug reaction reported.",Acid Reflux,"heartburn, sour taste, chest discomfort",Famotidine,20 mg,twice daily,14 days,for 2 weeks,none
P0104,Meena Lakshmi 6,33,Male,2026-09-27,General Medicine,"Patient developed fever, body ache and headache since 2 days. Assessment suggested viral fever. Paracetamol 500 mg was advised every 6 hours as needed for 5 days. No adverse drug reaction reported.",Viral Fever,"fever, body ache, headache",Paracetamol,500 mg,every 6 hours as needed,5 days,since 2 days,none
P0105,Santhosh Reddy 6,23,Female,2026-08-21,Dermatology,"Patient presents with facial pimples, oily skin and redness for 3 months. Assessment confirmed acne vulgaris. Doxycycline 100 mg was prescribed once daily for 30 days. Mild stomach upset was reported as an adverse drug reaction.",Acne Vulgaris,"facial pimples, oily skin, redness",Doxycycline,100 mg,once daily,30 days,for 3 months,mild stomach upset
P0106,Kavya Nair 6,54,Female,2025-09-25,Diabetology,"Follow-up visit. Patient reports increased thirst, frequent urination and fatigue for the past 3 weeks. Diagnosed with Type 2 Diabetes Mellitus. Metformin 500 mg was prescribed twice daily for 30 days. No adverse drug reaction reported.",Type 2 Diabetes Mellitus,"increased thirst, frequent urination, fatigue",Metformin,500 mg,twice daily,30 days,for the past 3 weeks,none
P0107,Vignesh Iyer 6,31,Female,2025-09-02,Cardiology,Patient presented with headache and dizziness for 2 weeks. Assessment confirmed hypertension. Amlodipine 5 mg was prescribed once daily for 30 days. Mild ankle swelling was reported as an adverse drug reaction.,Hypertension,"headache, dizziness",Amlodipine,5 mg,once daily,30 days,for 2 weeks,mild ankle swelling
P0108,Divya Menon 6,34,Female,2025-05-15,Pulmonology,"Patient has wheezing, shortness of breath and chest tightness since yesterday. Assessment was consistent with bronchial asthma. Salbutamol inhaler 100 mcg was advised as needed for 14 days. No adverse reaction was noted.",Bronchial Asthma,"wheezing, shortness of breath, chest tightness",Salbutamol inhaler,100 mcg,as needed,14 days,since yesterday,none
P0109,Karthik Rao 6,60,Female,2026-04-14,General Medicine,"Patient reports fever, productive cough and chest pain for 4 days. Imaging suggested community acquired pneumonia. Azithromycin 500 mg was prescribed once daily for 5 days. Mild nausea was reported as an adverse drug reaction.",Community Acquired Pneumonia,"fever, productive cough, chest pain",Azithromycin,500 mg,once daily,5 days,for 4 days,mild nausea
P0110,Ananya Patel 6,38,Male,2025-01-10,Neurology,"Patient complains of severe headache, nausea and sensitivity to light for 1 month. Assessment indicates migraine. Sumatriptan 50 mg was prescribed as needed for 7 days. No adverse drug reaction reported.",Migraine,"severe headache, nausea, sensitivity to light",Sumatriptan,50 mg,as needed,7 days,for 1 month,none
P0111,Suresh Pillai 6,47,Male,2025-03-17,Gastroenterology,"Follow-up visit. Patient has upper abdominal pain, heartburn and nausea for 10 days. Evaluation suggested gastritis. Pantoprazole 40 mg was prescribed once daily for 14 days. No adverse drug reaction reported.",Gastritis,"upper abdominal pain, heartburn, nausea",Pantoprazole,40 mg,once daily,14 days,for 10 days,none
P0112,Nandhini Gupta 6,52,Male,2026-06-03,Urology,"Patient reports burning urination, urinary frequency and lower abdominal discomfort for 3 days. Findings were consistent with urinary tract infection. Nitrofurantoin 100 mg was prescribed twice daily for 7 days. Mild nausea was recorded as an adverse drug reaction.",Urinary Tract Infection,"burning urination, urinary frequency, lower abdominal discomfort",Nitrofurantoin,100 mg,twice daily,7 days,for 3 days,mild nausea
P0113,Ravi Varma 6,34,Male,2025-12-24,Hematology,"Patient reports fatigue, weakness and pale skin for 2 months. Laboratory findings confirmed iron deficiency anemia. Ferrous Sulfate 325 mg was prescribed once daily for 60 days. Constipation was recorded as an adverse drug reaction.",Iron Deficiency Anemia,"fatigue, weakness, pale skin",Ferrous Sulfate,325 mg,once daily,60 days,for 2 months,constipation
P0114,Keerthana Shah 6,74,Male,2025-09-08,Endocrinology,"Patient complains of fatigue, weight gain and cold intolerance for 6 months. Thyroid testing confirmed hypothyroidism. Levothyroxine 50 mcg was prescribed once daily for 90 days. No adverse drug reaction reported.",Hypothyroidism,"fatigue, weight gain, cold intolerance",Levothyroxine,50 mcg,once daily,90 days,for 6 months,none
P0115,Ajay Singh 6,41,Female,2025-06-11,Orthopedics,"Patient reports knee pain, stiffness and difficulty walking for 3 months. Assessment confirmed osteoarthritis. Paracetamol 650 mg was prescribed three times daily for 10 days. No adverse drug reaction was reported.",Osteoarthritis,"knee pain, stiffness, difficulty walking",Paracetamol,650 mg,three times daily,10 days,for 3 months,none
P0116,Swetha Bose 6,46,Female,2026-09-19,ENT,"Follow-up visit. Patient presents with sneezing, runny nose and itchy eyes for 5 days. Findings were consistent with allergic rhinitis. Cetirizine 10 mg was prescribed once nightly for 10 days. Mild drowsiness was reported as an adverse drug reaction.",Allergic Rhinitis,"sneezing, runny nose, itchy eyes",Cetirizine,10 mg,once nightly,10 days,for 5 days,mild drowsiness
P0117,Pradeep Chandran 6,69,Male,2026-07-22,General Medicine,"Patient reports cough, sore throat and mild fever for 1 week. Assessment indicated acute bronchitis. Dextromethorphan 10 mg was prescribed three times daily for 5 days. No adverse drug reaction reported.",Acute Bronchitis,"cough, sore throat, mild fever",Dextromethorphan,10 mg,three times daily,5 days,for 1 week,none
P0118,Harini Prakash 6,37,Male,2025-05-18,Gastroenterology,"Patient has burning stomach pain, nausea and bloating for 3 weeks. Evaluation suggested peptic ulcer disease. Omeprazole 20 mg was prescribed twice daily for 28 days. Headache was documented as an adverse drug reaction.",Peptic Ulcer Disease,"burning stomach pain, nausea, bloating",Omeprazole,20 mg,twice daily,28 days,for 3 weeks,headache
P0119,Manoj Das 6,34,Male,2025-04-20,Cardiology,Recent health screening showed elevated cholesterol consistent with hyperlipidemia. Atorvastatin 20 mg was prescribed once nightly for 90 days. Mild muscle pain was recorded as an adverse drug reaction.,Hyperlipidemia,elevated cholesterol,Atorvastatin,20 mg,once nightly,90 days,during recent health screening,mild muscle pain
P0120,Deepa Mohan 6,65,Male,2025-10-06,ENT,"Patient presents with facial pain, nasal congestion and headache for 6 days. Findings indicated acute sinusitis. Amoxicillin 500 mg was prescribed three times daily for 7 days. Mild diarrhea was recorded as an adverse drug reaction.",Acute Sinusitis,"facial pain, nasal congestion, headache",Amoxicillin,500 mg,three times daily,7 days,for 6 days,mild diarrhea
P0121,Arun Kumar 7,36,Male,2025-12-18,Dermatology,"Follow-up visit. Patient reports itching, redness and dry skin for 1 week. Examination was consistent with dermatitis. Hydrocortisone cream 1% was advised twice daily for 7 days. No adverse drug reaction was noted.",Dermatitis,"itching, redness, dry skin",Hydrocortisone cream,1%,twice daily,7 days,for 1 week,none
P0122,Priya Sharma 7,31,Female,2026-06-02,Rheumatology,"Patient has joint pain, morning stiffness and swollen fingers for 4 months. Assessment confirmed rheumatoid arthritis. Methotrexate 15 mg was prescribed once weekly for 8 weeks. Mild mouth ulcers were reported as an adverse drug reaction.",Rheumatoid Arthritis,"joint pain, morning stiffness, swollen fingers",Methotrexate,15 mg,once weekly,8 weeks,for 4 months,mild mouth ulcers
P0123,Rahul Krishnan 7,49,Female,2025-02-22,Psychiatry,"Patient reports low mood, poor sleep and loss of interest for 2 months. Assessment indicated depression. Sertraline 50 mg was prescribed once daily for 30 days. Mild nausea was documented as an adverse drug reaction.",Depression,"low mood, poor sleep, loss of interest",Sertraline,50 mg,once daily,30 days,for 2 months,mild nausea
P0124,Meena Lakshmi 7,23,Female,2025-10-11,Gastroenterology,"Patient complains of heartburn, sour taste and chest discomfort for 2 weeks. Assessment was consistent with acid reflux. Famotidine 20 mg was prescribed twice daily for 14 days. No adverse drug reaction reported.",Acid Reflux,"heartburn, sour taste, chest discomfort",Famotidine,20 mg,twice daily,14 days,for 2 weeks,none
P0125,Santhosh Reddy 7,20,Male,2025-12-08,General Medicine,"Patient developed fever, body ache and headache since 2 days. Assessment suggested viral fever. Paracetamol 500 mg was advised every 6 hours as needed for 5 days. No adverse drug reaction reported.",Viral Fever,"fever, body ache, headache",Paracetamol,500 mg,every 6 hours as needed,5 days,since 2 days,none
P0126,Kavya Nair 7,67,Male,2025-09-26,Dermatology,"Follow-up visit. Patient presents with facial pimples, oily skin and redness for 3 months. Assessment confirmed acne vulgaris. Doxycycline 100 mg was prescribed once daily for 30 days. Mild stomach upset was reported as an adverse drug reaction.",Acne Vulgaris,"facial pimples, oily skin, redness",Doxycycline,100 mg,once daily,30 days,for 3 months,mild stomach upset
P0127,Vignesh Iyer 7,28,Female,2026-07-19,Diabetology,"Patient reports increased thirst, frequent urination and fatigue for the past 3 weeks. Diagnosed with Type 2 Diabetes Mellitus. Metformin 500 mg was prescribed twice daily for 30 days. No adverse drug reaction reported.",Type 2 Diabetes Mellitus,"increased thirst, frequent urination, fatigue",Metformin,500 mg,twice daily,30 days,for the past 3 weeks,none
P0128,Divya Menon 7,63,Female,2026-07-29,Cardiology,Patient presented with headache and dizziness for 2 weeks. Assessment confirmed hypertension. Amlodipine 5 mg was prescribed once daily for 30 days. Mild ankle swelling was reported as an adverse drug reaction.,Hypertension,"headache, dizziness",Amlodipine,5 mg,once daily,30 days,for 2 weeks,mild ankle swelling
P0129,Karthik Rao 7,18,Male,2025-03-19,Pulmonology,"Patient has wheezing, shortness of breath and chest tightness since yesterday. Assessment was consistent with bronchial asthma. Salbutamol inhaler 100 mcg was advised as needed for 14 days. No adverse reaction was noted.",Bronchial Asthma,"wheezing, shortness of breath, chest tightness",Salbutamol inhaler,100 mcg,as needed,14 days,since yesterday,none
P0130,Ananya Patel 7,78,Male,2026-07-13,General Medicine,"Patient reports fever, productive cough and chest pain for 4 days. Imaging suggested community acquired pneumonia. Azithromycin 500 mg was prescribed once daily for 5 days. Mild nausea was reported as an adverse drug reaction.",Community Acquired Pneumonia,"fever, productive cough, chest pain",Azithromycin,500 mg,once daily,5 days,for 4 days,mild nausea
P0131,Suresh Pillai 7,20,Female,2026-08-20,Neurology,"Follow-up visit. Patient complains of severe headache, nausea and sensitivity to light for 1 month. Assessment indicates migraine. Sumatriptan 50 mg was prescribed as needed for 7 days. No adverse drug reaction reported.",Migraine,"severe headache, nausea, sensitivity to light",Sumatriptan,50 mg,as needed,7 days,for 1 month,none
P0132,Nandhini Gupta 7,53,Male,2026-03-17,Gastroenterology,"Patient has upper abdominal pain, heartburn and nausea for 10 days. Evaluation suggested gastritis. Pantoprazole 40 mg was prescribed once daily for 14 days. No adverse drug reaction reported.",Gastritis,"upper abdominal pain, heartburn, nausea",Pantoprazole,40 mg,once daily,14 days,for 10 days,none
P0133,Ravi Varma 7,26,Male,2025-11-12,Urology,"Patient reports burning urination, urinary frequency and lower abdominal discomfort for 3 days. Findings were consistent with urinary tract infection. Nitrofurantoin 100 mg was prescribed twice daily for 7 days. Mild nausea was recorded as an adverse drug reaction.",Urinary Tract Infection,"burning urination, urinary frequency, lower abdominal discomfort",Nitrofurantoin,100 mg,twice daily,7 days,for 3 days,mild nausea
P0134,Keerthana Shah 7,41,Male,2026-01-02,Hematology,"Patient reports fatigue, weakness and pale skin for 2 months. Laboratory findings confirmed iron deficiency anemia. Ferrous Sulfate 325 mg was prescribed once daily for 60 days. Constipation was recorded as an adverse drug reaction.",Iron Deficiency Anemia,"fatigue, weakness, pale skin",Ferrous Sulfate,325 mg,once daily,60 days,for 2 months,constipation
P0135,Ajay Singh 7,31,Male,2025-04-16,Endocrinology,"Patient complains of fatigue, weight gain and cold intolerance for 6 months. Thyroid testing confirmed hypothyroidism. Levothyroxine 50 mcg was prescribed once daily for 90 days. No adverse drug reaction reported.",Hypothyroidism,"fatigue, weight gain, cold intolerance",Levothyroxine,50 mcg,once daily,90 days,for 6 months,none
P0136,Swetha Bose 7,40,Female,2026-09-28,Orthopedics,"Follow-up visit. Patient reports knee pain, stiffness and difficulty walking for 3 months. Assessment confirmed osteoarthritis. Paracetamol 650 mg was prescribed three times daily for 10 days. No adverse drug reaction was reported.",Osteoarthritis,"knee pain, stiffness, difficulty walking",Paracetamol,650 mg,three times daily,10 days,for 3 months,none
P0137,Pradeep Chandran 7,65,Male,2025-08-31,ENT,"Patient presents with sneezing, runny nose and itchy eyes for 5 days. Findings were consistent with allergic rhinitis. Cetirizine 10 mg was prescribed once nightly for 10 days. Mild drowsiness was reported as an adverse drug reaction.",Allergic Rhinitis,"sneezing, runny nose, itchy eyes",Cetirizine,10 mg,once nightly,10 days,for 5 days,mild drowsiness
P0138,Harini Prakash 7,73,Male,2025-07-01,General Medicine,"Patient reports cough, sore throat and mild fever for 1 week. Assessment indicated acute bronchitis. Dextromethorphan 10 mg was prescribed three times daily for 5 days. No adverse drug reaction reported.",Acute Bronchitis,"cough, sore throat, mild fever",Dextromethorphan,10 mg,three times daily,5 days,for 1 week,none
P0139,Manoj Das 7,74,Female,2025-01-26,Gastroenterology,"Patient has burning stomach pain, nausea and bloating for 3 weeks. Evaluation suggested peptic ulcer disease. Omeprazole 20 mg was prescribed twice daily for 28 days. Headache was documented as an adverse drug reaction.",Peptic Ulcer Disease,"burning stomach pain, nausea, bloating",Omeprazole,20 mg,twice daily,28 days,for 3 weeks,headache
P0140,Deepa Mohan 7,29,Female,2026-02-26,Cardiology,Recent health screening showed elevated cholesterol consistent with hyperlipidemia. Atorvastatin 20 mg was prescribed once nightly for 90 days. Mild muscle pain was recorded as an adverse drug reaction.,Hyperlipidemia,elevated cholesterol,Atorvastatin,20 mg,once nightly,90 days,during recent health screening,mild muscle pain
P0141,Arun Kumar 8,69,Male,2025-10-01,ENT,"Follow-up visit. Patient presents with facial pain, nasal congestion and headache for 6 days. Findings indicated acute sinusitis. Amoxicillin 500 mg was prescribed three times daily for 7 days. Mild diarrhea was recorded as an adverse drug reaction.",Acute Sinusitis,"facial pain, nasal congestion, headache",Amoxicillin,500 mg,three times daily,7 days,for 6 days,mild diarrhea
P0142,Priya Sharma 8,28,Male,2026-01-27,Dermatology,"Patient reports itching, redness and dry skin for 1 week. Examination was consistent with dermatitis. Hydrocortisone cream 1% was advised twice daily for 7 days. No adverse drug reaction was noted.",Dermatitis,"itching, redness, dry skin",Hydrocortisone cream,1%,twice daily,7 days,for 1 week,none
P0143,Rahul Krishnan 8,73,Male,2026-04-27,Rheumatology,"Patient has joint pain, morning stiffness and swollen fingers for 4 months. Assessment confirmed rheumatoid arthritis. Methotrexate 15 mg was prescribed once weekly for 8 weeks. Mild mouth ulcers were reported as an adverse drug reaction.",Rheumatoid Arthritis,"joint pain, morning stiffness, swollen fingers",Methotrexate,15 mg,once weekly,8 weeks,for 4 months,mild mouth ulcers
P0144,Meena Lakshmi 8,32,Male,2026-04-17,Psychiatry,"Patient reports low mood, poor sleep and loss of interest for 2 months. Assessment indicated depression. Sertraline 50 mg was prescribed once daily for 30 days. Mild nausea was documented as an adverse drug reaction.",Depression,"low mood, poor sleep, loss of interest",Sertraline,50 mg,once daily,30 days,for 2 months,mild nausea
P0145,Santhosh Reddy 8,40,Female,2025-08-22,Gastroenterology,"Patient complains of heartburn, sour taste and chest discomfort for 2 weeks. Assessment was consistent with acid reflux. Famotidine 20 mg was prescribed twice daily for 14 days. No adverse drug reaction reported.",Acid Reflux,"heartburn, sour taste, chest discomfort",Famotidine,20 mg,twice daily,14 days,for 2 weeks,none
P0146,Kavya Nair 8,32,Male,2025-07-17,General Medicine,"Follow-up visit. Patient developed fever, body ache and headache since 2 days. Assessment suggested viral fever. Paracetamol 500 mg was advised every 6 hours as needed for 5 days. No adverse drug reaction reported.",Viral Fever,"fever, body ache, headache",Paracetamol,500 mg,every 6 hours as needed,5 days,since 2 days,none
P0147,Vignesh Iyer 8,43,Female,2025-10-13,Dermatology,"Patient presents with facial pimples, oily skin and redness for 3 months. Assessment confirmed acne vulgaris. Doxycycline 100 mg was prescribed once daily for 30 days. Mild stomach upset was reported as an adverse drug reaction.",Acne Vulgaris,"facial pimples, oily skin, redness",Doxycycline,100 mg,once daily,30 days,for 3 months,mild stomach upset
P0148,Divya Menon 8,73,Male,2025-10-13,Diabetology,"Patient reports increased thirst, frequent urination and fatigue for the past 3 weeks. Diagnosed with Type 2 Diabetes Mellitus. Metformin 500 mg was prescribed twice daily for 30 days. No adverse drug reaction reported.",Type 2 Diabetes Mellitus,"increased thirst, frequent urination, fatigue",Metformin,500 mg,twice daily,30 days,for the past 3 weeks,none
P0149,Karthik Rao 8,40,Female,2026-07-04,Cardiology,Patient presented with headache and dizziness for 2 weeks. Assessment confirmed hypertension. Amlodipine 5 mg was prescribed once daily for 30 days. Mild ankle swelling was reported as an adverse drug reaction.,Hypertension,"headache, dizziness",Amlodipine,5 mg,once daily,30 days,for 2 weeks,mild ankle swelling
P0150,Ananya Patel 8,39,Male,2025-04-29,Pulmonology,"Patient has wheezing, shortness of breath and chest tightness since yesterday. Assessment was consistent with bronchial asthma. Salbutamol inhaler 100 mcg was advised as needed for 14 days. No adverse reaction was noted.",Bronchial Asthma,"wheezing, shortness of breath, chest tightness",Salbutamol inhaler,100 mcg,as needed,14 days,since yesterday,none
P0151,Suresh Pillai 8,74,Female,2025-07-02,General Medicine,"Follow-up visit. Patient reports fever, productive cough and chest pain for 4 days. Imaging suggested community acquired pneumonia. Azithromycin 500 mg was prescribed once daily for 5 days. Mild nausea was reported as an adverse drug reaction.",Community Acquired Pneumonia,"fever, productive cough, chest pain",Azithromycin,500 mg,once daily,5 days,for 4 days,mild nausea
P0152,Nandhini Gupta 8,55,Female,2025-02-09,Neurology,"Patient complains of severe headache, nausea and sensitivity to light for 1 month. Assessment indicates migraine. Sumatriptan 50 mg was prescribed as needed for 7 days. No adverse drug reaction reported.",Migraine,"severe headache, nausea, sensitivity to light",Sumatriptan,50 mg,as needed,7 days,for 1 month,none
P0153,Ravi Varma 8,24,Female,2025-12-20,Gastroenterology,"Patient has upper abdominal pain, heartburn and nausea for 10 days. Evaluation suggested gastritis. Pantoprazole 40 mg was prescribed once daily for 14 days. No adverse drug reaction reported.",Gastritis,"upper abdominal pain, heartburn, nausea",Pantoprazole,40 mg,once daily,14 days,for 10 days,none
P0154,Keerthana Shah 8,64,Female,2026-03-23,Urology,"Patient reports burning urination, urinary frequency and lower abdominal discomfort for 3 days. Findings were consistent with urinary tract infection. Nitrofurantoin 100 mg was prescribed twice daily for 7 days. Mild nausea was recorded as an adverse drug reaction.",Urinary Tract Infection,"burning urination, urinary frequency, lower abdominal discomfort",Nitrofurantoin,100 mg,twice daily,7 days,for 3 days,mild nausea
P0155,Ajay Singh 8,56,Male,2026-01-30,Hematology,"Patient reports fatigue, weakness and pale skin for 2 months. Laboratory findings confirmed iron deficiency anemia. Ferrous Sulfate 325 mg was prescribed once daily for 60 days. Constipation was recorded as an adverse drug reaction.",Iron Deficiency Anemia,"fatigue, weakness, pale skin",Ferrous Sulfate,325 mg,once daily,60 days,for 2 months,constipation
P0156,Swetha Bose 8,75,Male,2025-09-18,Endocrinology,"Follow-up visit. Patient complains of fatigue, weight gain and cold intolerance for 6 months. Thyroid testing confirmed hypothyroidism. Levothyroxine 50 mcg was prescribed once daily for 90 days. No adverse drug reaction reported.",Hypothyroidism,"fatigue, weight gain, cold intolerance",Levothyroxine,50 mcg,once daily,90 days,for 6 months,none
P0157,Pradeep Chandran 8,20,Female,2025-01-02,Orthopedics,"Patient reports knee pain, stiffness and difficulty walking for 3 months. Assessment confirmed osteoarthritis. Paracetamol 650 mg was prescribed three times daily for 10 days. No adverse drug reaction was reported.",Osteoarthritis,"knee pain, stiffness, difficulty walking",Paracetamol,650 mg,three times daily,10 days,for 3 months,none
P0158,Harini Prakash 8,51,Male,2026-01-08,ENT,"Patient presents with sneezing, runny nose and itchy eyes for 5 days. Findings were consistent with allergic rhinitis. Cetirizine 10 mg was prescribed once nightly for 10 days. Mild drowsiness was reported as an adverse drug reaction.",Allergic Rhinitis,"sneezing, runny nose, itchy eyes",Cetirizine,10 mg,once nightly,10 days,for 5 days,mild drowsiness
P0159,Manoj Das 8,45,Male,2025-12-05,General Medicine,"Patient reports cough, sore throat and mild fever for 1 week. Assessment indicated acute bronchitis. Dextromethorphan 10 mg was prescribed three times daily for 5 days. No adverse drug reaction reported.",Acute Bronchitis,"cough, sore throat, mild fever",Dextromethorphan,10 mg,three times daily,5 days,for 1 week,none
P0160,Deepa Mohan 8,57,Female,2025-05-08,Gastroenterology,"Patient has burning stomach pain, nausea and bloating for 3 weeks. Evaluation suggested peptic ulcer disease. Omeprazole 20 mg was prescribed twice daily for 28 days. Headache was documented as an adverse drug reaction.",Peptic Ulcer Disease,"burning stomach pain, nausea, bloating",Omeprazole,20 mg,twice daily,28 days,for 3 weeks,headache
P0161,Arun Kumar 9,64,Female,2026-06-04,Cardiology,Follow-up visit. Recent health screening showed elevated cholesterol consistent with hyperlipidemia. Atorvastatin 20 mg was prescribed once nightly for 90 days. Mild muscle pain was recorded as an adverse drug reaction.,Hyperlipidemia,elevated cholesterol,Atorvastatin,20 mg,once nightly,90 days,during recent health screening,mild muscle pain
P0162,Priya Sharma 9,37,Female,2025-12-01,ENT,"Patient presents with facial pain, nasal congestion and headache for 6 days. Findings indicated acute sinusitis. Amoxicillin 500 mg was prescribed three times daily for 7 days. Mild diarrhea was recorded as an adverse drug reaction.",Acute Sinusitis,"facial pain, nasal congestion, headache",Amoxicillin,500 mg,three times daily,7 days,for 6 days,mild diarrhea
P0163,Rahul Krishnan 9,43,Female,2026-07-22,Dermatology,"Patient reports itching, redness and dry skin for 1 week. Examination was consistent with dermatitis. Hydrocortisone cream 1% was advised twice daily for 7 days. No adverse drug reaction was noted.",Dermatitis,"itching, redness, dry skin",Hydrocortisone cream,1%,twice daily,7 days,for 1 week,none
P0164,Meena Lakshmi 9,26,Male,2026-03-07,Rheumatology,"Patient has joint pain, morning stiffness and swollen fingers for 4 months. Assessment confirmed rheumatoid arthritis. Methotrexate 15 mg was prescribed once weekly for 8 weeks. Mild mouth ulcers were reported as an adverse drug reaction.",Rheumatoid Arthritis,"joint pain, morning stiffness, swollen fingers",Methotrexate,15 mg,once weekly,8 weeks,for 4 months,mild mouth ulcers
P0165,Santhosh Reddy 9,60,Female,2025-06-28,Psychiatry,"Patient reports low mood, poor sleep and loss of interest for 2 months. Assessment indicated depression. Sertraline 50 mg was prescribed once daily for 30 days. Mild nausea was documented as an adverse drug reaction.",Depression,"low mood, poor sleep, loss of interest",Sertraline,50 mg,once daily,30 days,for 2 months,mild nausea
P0166,Kavya Nair 9,57,Female,2026-02-20,Gastroenterology,"Follow-up visit. Patient complains of heartburn, sour taste and chest discomfort for 2 weeks. Assessment was consistent with acid reflux. Famotidine 20 mg was prescribed twice daily for 14 days. No adverse drug reaction reported.",Acid Reflux,"heartburn, sour taste, chest discomfort",Famotidine,20 mg,twice daily,14 days,for 2 weeks,none
P0167,Vignesh Iyer 9,53,Male,2025-11-08,General Medicine,"Patient developed fever, body ache and headache since 2 days. Assessment suggested viral fever. Paracetamol 500 mg was advised every 6 hours as needed for 5 days. No adverse drug reaction reported.",Viral Fever,"fever, body ache, headache",Paracetamol,500 mg,every 6 hours as needed,5 days,since 2 days,none
P0168,Divya Menon 9,36,Male,2026-03-17,Dermatology,"Patient presents with facial pimples, oily skin and redness for 3 months. Assessment confirmed acne vulgaris. Doxycycline 100 mg was prescribed once daily for 30 days. Mild stomach upset was reported as an adverse drug reaction.",Acne Vulgaris,"facial pimples, oily skin, redness",Doxycycline,100 mg,once daily,30 days,for 3 months,mild stomach upset
P0169,Karthik Rao 9,68,Female,2026-04-22,Diabetology,"Patient reports increased thirst, frequent urination and fatigue for the past 3 weeks. Diagnosed with Type 2 Diabetes Mellitus. Metformin 500 mg was prescribed twice daily for 30 days. No adverse drug reaction reported.",Type 2 Diabetes Mellitus,"increased thirst, frequent urination, fatigue",Metformin,500 mg,twice daily,30 days,for the past 3 weeks,none
P0170,Ananya Patel 9,46,Female,2025-08-07,Cardiology,Patient presented with headache and dizziness for 2 weeks. Assessment confirmed hypertension. Amlodipine 5 mg was prescribed once daily for 30 days. Mild ankle swelling was reported as an adverse drug reaction.,Hypertension,"headache, dizziness",Amlodipine,5 mg,once daily,30 days,for 2 weeks,mild ankle swelling
P0171,Suresh Pillai 9,50,Female,2025-06-23,Pulmonology,"Follow-up visit. Patient has wheezing, shortness of breath and chest tightness since yesterday. Assessment was consistent with bronchial asthma. Salbutamol inhaler 100 mcg was advised as needed for 14 days. No adverse reaction was noted.",Bronchial Asthma,"wheezing, shortness of breath, chest tightness",Salbutamol inhaler,100 mcg,as needed,14 days,since yesterday,none
P0172,Nandhini Gupta 9,60,Male,2025-10-18,General Medicine,"Patient reports fever, productive cough and chest pain for 4 days. Imaging suggested community acquired pneumonia. Azithromycin 500 mg was prescribed once daily for 5 days. Mild nausea was reported as an adverse drug reaction.",Community Acquired Pneumonia,"fever, productive cough, chest pain",Azithromycin,500 mg,once daily,5 days,for 4 days,mild nausea
P0173,Ravi Varma 9,50,Female,2025-04-06,Neurology,"Patient complains of severe headache, nausea and sensitivity to light for 1 month. Assessment indicates migraine. Sumatriptan 50 mg was prescribed as needed for 7 days. No adverse drug reaction reported.",Migraine,"severe headache, nausea, sensitivity to light",Sumatriptan,50 mg,as needed,7 days,for 1 month,none
P0174,Keerthana Shah 9,70,Male,2025-11-14,Gastroenterology,"Patient has upper abdominal pain, heartburn and nausea for 10 days. Evaluation suggested gastritis. Pantoprazole 40 mg was prescribed once daily for 14 days. No adverse drug reaction reported.",Gastritis,"upper abdominal pain, heartburn, nausea",Pantoprazole,40 mg,once daily,14 days,for 10 days,none
P0175,Ajay Singh 9,32,Male,2025-05-31,Urology,"Patient reports burning urination, urinary frequency and lower abdominal discomfort for 3 days. Findings were consistent with urinary tract infection. Nitrofurantoin 100 mg was prescribed twice daily for 7 days. Mild nausea was recorded as an adverse drug reaction.",Urinary Tract Infection,"burning urination, urinary frequency, lower abdominal discomfort",Nitrofurantoin,100 mg,twice daily,7 days,for 3 days,mild nausea
P0176,Swetha Bose 9,19,Male,2025-09-08,Hematology,"Follow-up visit. Patient reports fatigue, weakness and pale skin for 2 months. Laboratory findings confirmed iron deficiency anemia. Ferrous Sulfate 325 mg was prescribed once daily for 60 days. Constipation was recorded as an adverse drug reaction.",Iron Deficiency Anemia,"fatigue, weakness, pale skin",Ferrous Sulfate,325 mg,once daily,60 days,for 2 months,constipation
P0177,Pradeep Chandran 9,48,Male,2026-04-12,Endocrinology,"Patient complains of fatigue, weight gain and cold intolerance for 6 months. Thyroid testing confirmed hypothyroidism. Levothyroxine 50 mcg was prescribed once daily for 90 days. No adverse drug reaction reported.",Hypothyroidism,"fatigue, weight gain, cold intolerance",Levothyroxine,50 mcg,once daily,90 days,for 6 months,none
P0178,Harini Prakash 9,44,Male,2026-01-29,Orthopedics,"Patient reports knee pain, stiffness and difficulty walking for 3 months. Assessment confirmed osteoarthritis. Paracetamol 650 mg was prescribed three times daily for 10 days. No adverse drug reaction was reported.",Osteoarthritis,"knee pain, stiffness, difficulty walking",Paracetamol,650 mg,three times daily,10 days,for 3 months,none
P0179,Manoj Das 9,49,Female,2025-09-07,ENT,"Patient presents with sneezing, runny nose and itchy eyes for 5 days. Findings were consistent with allergic rhinitis. Cetirizine 10 mg was prescribed once nightly for 10 days. Mild drowsiness was reported as an adverse drug reaction.",Allergic Rhinitis,"sneezing, runny nose, itchy eyes",Cetirizine,10 mg,once nightly,10 days,for 5 days,mild drowsiness
P0180,Deepa Mohan 9,27,Male,2025-04-20,General Medicine,"Patient reports cough, sore throat and mild fever for 1 week. Assessment indicated acute bronchitis. Dextromethorphan 10 mg was prescribed three times daily for 5 days. No adverse drug reaction reported.",Acute Bronchitis,"cough, sore throat, mild fever",Dextromethorphan,10 mg,three times daily,5 days,for 1 week,none
P0181,Arun Kumar 10,67,Female,2025-08-13,Gastroenterology,"Follow-up visit. Patient has burning stomach pain, nausea and bloating for 3 weeks. Evaluation suggested peptic ulcer disease. Omeprazole 20 mg was prescribed twice daily for 28 days. Headache was documented as an adverse drug reaction.",Peptic Ulcer Disease,"burning stomach pain, nausea, bloating",Omeprazole,20 mg,twice daily,28 days,for 3 weeks,headache
P0182,Priya Sharma 10,29,Female,2025-02-21,Cardiology,Recent health screening showed elevated cholesterol consistent with hyperlipidemia. Atorvastatin 20 mg was prescribed once nightly for 90 days. Mild muscle pain was recorded as an adverse drug reaction.,Hyperlipidemia,elevated cholesterol,Atorvastatin,20 mg,once nightly,90 days,during recent health screening,mild muscle pain
P0183,Rahul Krishnan 10,53,Male,2025-05-05,ENT,"Patient presents with facial pain, nasal congestion and headache for 6 days. Findings indicated acute sinusitis. Amoxicillin 500 mg was prescribed three times daily for 7 days. Mild diarrhea was recorded as an adverse drug reaction.",Acute Sinusitis,"facial pain, nasal congestion, headache",Amoxicillin,500 mg,three times daily,7 days,for 6 days,mild diarrhea
P0184,Meena Lakshmi 10,47,Male,2026-04-21,Dermatology,"Patient reports itching, redness and dry skin for 1 week. Examination was consistent with dermatitis. Hydrocortisone cream 1% was advised twice daily for 7 days. No adverse drug reaction was noted.",Dermatitis,"itching, redness, dry skin",Hydrocortisone cream,1%,twice daily,7 days,for 1 week,none
P0185,Santhosh Reddy 10,60,Female,2026-03-30,Rheumatology,"Patient has joint pain, morning stiffness and swollen fingers for 4 months. Assessment confirmed rheumatoid arthritis. Methotrexate 15 mg was prescribed once weekly for 8 weeks. Mild mouth ulcers were reported as an adverse drug reaction.",Rheumatoid Arthritis,"joint pain, morning stiffness, swollen fingers",Methotrexate,15 mg,once weekly,8 weeks,for 4 months,mild mouth ulcers
P0186,Kavya Nair 10,57,Female,2026-07-16,Psychiatry,"Follow-up visit. Patient reports low mood, poor sleep and loss of interest for 2 months. Assessment indicated depression. Sertraline 50 mg was prescribed once daily for 30 days. Mild nausea was documented as an adverse drug reaction.",Depression,"low mood, poor sleep, loss of interest",Sertraline,50 mg,once daily,30 days,for 2 months,mild nausea
P0187,Vignesh Iyer 10,46,Male,2026-05-02,Gastroenterology,"Patient complains of heartburn, sour taste and chest discomfort for 2 weeks. Assessment was consistent with acid reflux. Famotidine 20 mg was prescribed twice daily for 14 days. No adverse drug reaction reported.",Acid Reflux,"heartburn, sour taste, chest discomfort",Famotidine,20 mg,twice daily,14 days,for 2 weeks,none
P0188,Divya Menon 10,46,Female,2025-09-11,General Medicine,"Patient developed fever, body ache and headache since 2 days. Assessment suggested viral fever. Paracetamol 500 mg was advised every 6 hours as needed for 5 days. No adverse drug reaction reported.",Viral Fever,"fever, body ache, headache",Paracetamol,500 mg,every 6 hours as needed,5 days,since 2 days,none
P0189,Karthik Rao 10,71,Female,2026-06-18,Dermatology,"Patient presents with facial pimples, oily skin and redness for 3 months. Assessment confirmed acne vulgaris. Doxycycline 100 mg was prescribed once daily for 30 days. Mild stomach upset was reported as an adverse drug reaction.",Acne Vulgaris,"facial pimples, oily skin, redness",Doxycycline,100 mg,once daily,30 days,for 3 months,mild stomach upset
P0190,Ananya Patel 10,49,Male,2025-10-09,Diabetology,"Patient reports increased thirst, frequent urination and fatigue for the past 3 weeks. Diagnosed with Type 2 Diabetes Mellitus. Metformin 500 mg was prescribed twice daily for 30 days. No adverse drug reaction reported.",Type 2 Diabetes Mellitus,"increased thirst, frequent urination, fatigue",Metformin,500 mg,twice daily,30 days,for the past 3 weeks,none
P0191,Suresh Pillai 10,46,Male,2025-10-20,Cardiology,Follow-up visit. Patient presented with headache and dizziness for 2 weeks. Assessment confirmed hypertension. Amlodipine 5 mg was prescribed once daily for 30 days. Mild ankle swelling was reported as an adverse drug reaction.,Hypertension,"headache, dizziness",Amlodipine,5 mg,once daily,30 days,for 2 weeks,mild ankle swelling
P0192,Nandhini Gupta 10,33,Female,2025-12-10,Pulmonology,"Patient has wheezing, shortness of breath and chest tightness since yesterday. Assessment was consistent with bronchial asthma. Salbutamol inhaler 100 mcg was advised as needed for 14 days. No adverse reaction was noted.",Bronchial Asthma,"wheezing, shortness of breath, chest tightness",Salbutamol inhaler,100 mcg,as needed,14 days,since yesterday,none
P0193,Ravi Varma 10,38,Male,2025-05-22,General Medicine,"Patient reports fever, productive cough and chest pain for 4 days. Imaging suggested community acquired pneumonia. Azithromycin 500 mg was prescribed once daily for 5 days. Mild nausea was reported as an adverse drug reaction.",Community Acquired Pneumonia,"fever, productive cough, chest pain",Azithromycin,500 mg,once daily,5 days,for 4 days,mild nausea
P0194,Keerthana Shah 10,27,Male,2026-01-28,Neurology,"Patient complains of severe headache, nausea and sensitivity to light for 1 month. Assessment indicates migraine. Sumatriptan 50 mg was prescribed as needed for 7 days. No adverse drug reaction reported.",Migraine,"severe headache, nausea, sensitivity to light",Sumatriptan,50 mg,as needed,7 days,for 1 month,none
P0195,Ajay Singh 10,62,Male,2025-08-08,Gastroenterology,"Patient has upper abdominal pain, heartburn and nausea for 10 days. Evaluation suggested gastritis. Pantoprazole 40 mg was prescribed once daily for 14 days. No adverse drug reaction reported.",Gastritis,"upper abdominal pain, heartburn, nausea",Pantoprazole,40 mg,once daily,14 days,for 10 days,none
P0196,Swetha Bose 10,22,Female,2026-02-22,Urology,"Follow-up visit. Patient reports burning urination, urinary frequency and lower abdominal discomfort for 3 days. Findings were consistent with urinary tract infection. Nitrofurantoin 100 mg was prescribed twice daily for 7 days. Mild nausea was recorded as an adverse drug reaction.",Urinary Tract Infection,"burning urination, urinary frequency, lower abdominal discomfort",Nitrofurantoin,100 mg,twice daily,7 days,for 3 days,mild nausea
P0197,Pradeep Chandran 10,39,Female,2026-03-02,Hematology,"Patient reports fatigue, weakness and pale skin for 2 months. Laboratory findings confirmed iron deficiency anemia. Ferrous Sulfate 325 mg was prescribed once daily for 60 days. Constipation was recorded as an adverse drug reaction.",Iron Deficiency Anemia,"fatigue, weakness, pale skin",Ferrous Sulfate,325 mg,once daily,60 days,for 2 months,constipation
P0198,Harini Prakash 10,21,Male,2026-03-07,Endocrinology,"Patient complains of fatigue, weight gain and cold intolerance for 6 months. Thyroid testing confirmed hypothyroidism. Levothyroxine 50 mcg was prescribed once daily for 90 days. No adverse drug reaction reported.",Hypothyroidism,"fatigue, weight gain, cold intolerance",Levothyroxine,50 mcg,once daily,90 days,for 6 months,none
P0199,Manoj Das 10,42,Male,2026-08-13,Orthopedics,"Patient reports knee pain, stiffness and difficulty walking for 3 months. Assessment confirmed osteoarthritis. Paracetamol 650 mg was prescribed three times daily for 10 days. No adverse drug reaction was reported.",Osteoarthritis,"knee pain, stiffness, difficulty walking",Paracetamol,650 mg,three times daily,10 days,for 3 months,none
P0200,Deepa Mohan 10,42,Female,2025-01-07,ENT,"Patient presents with sneezing, runny nose and itchy eyes for 5 days. Findings were consistent with allergic rhinitis. Cetirizine 10 mg was prescribed once nightly for 10 days. Mild drowsiness was reported as an adverse drug reaction.",Allergic Rhinitis,"sneezing, runny nose, itchy eyes",Cetirizine,10 mg,once nightly,10 days,for 5 days,mild drowsiness
P0201,Arun Kumar 11,78,Female,2025-11-02,General Medicine,"Follow-up visit. Patient reports cough, sore throat and mild fever for 1 week. Assessment indicated acute bronchitis. Dextromethorphan 10 mg was prescribed three times daily for 5 days. No adverse drug reaction reported.",Acute Bronchitis,"cough, sore throat, mild fever",Dextromethorphan,10 mg,three times daily,5 days,for 1 week,none
P0202,Priya Sharma 11,66,Female,2026-03-06,Gastroenterology,"Patient has burning stomach pain, nausea and bloating for 3 weeks. Evaluation suggested peptic ulcer disease. Omeprazole 20 mg was prescribed twice daily for 28 days. Headache was documented as an adverse drug reaction.",Peptic Ulcer Disease,"burning stomach pain, nausea, bloating",Omeprazole,20 mg,twice daily,28 days,for 3 weeks,headache
P0203,Rahul Krishnan 11,52,Male,2026-05-15,Cardiology,Recent health screening showed elevated cholesterol consistent with hyperlipidemia. Atorvastatin 20 mg was prescribed once nightly for 90 days. Mild muscle pain was recorded as an adverse drug reaction.,Hyperlipidemia,elevated cholesterol,Atorvastatin,20 mg,once nightly,90 days,during recent health screening,mild muscle pain
P0204,Meena Lakshmi 11,32,Female,2026-03-23,ENT,"Patient presents with facial pain, nasal congestion and headache for 6 days. Findings indicated acute sinusitis. Amoxicillin 500 mg was prescribed three times daily for 7 days. Mild diarrhea was recorded as an adverse drug reaction.",Acute Sinusitis,"facial pain, nasal congestion, headache",Amoxicillin,500 mg,three times daily,7 days,for 6 days,mild diarrhea
P0205,Santhosh Reddy 11,49,Male,2026-02-03,Dermatology,"Patient reports itching, redness and dry skin for 1 week. Examination was consistent with dermatitis. Hydrocortisone cream 1% was advised twice daily for 7 days. No adverse drug reaction was noted.",Dermatitis,"itching, redness, dry skin",Hydrocortisone cream,1%,twice daily,7 days,for 1 week,none
P0206,Kavya Nair 11,39,Female,2025-06-19,Rheumatology,"Follow-up visit. Patient has joint pain, morning stiffness and swollen fingers for 4 months. Assessment confirmed rheumatoid arthritis. Methotrexate 15 mg was prescribed once weekly for 8 weeks. Mild mouth ulcers were reported as an adverse drug reaction.",Rheumatoid Arthritis,"joint pain, morning stiffness, swollen fingers",Methotrexate,15 mg,once weekly,8 weeks,for 4 months,mild mouth ulcers
P0207,Vignesh Iyer 11,71,Female,2025-05-11,Psychiatry,"Patient reports low mood, poor sleep and loss of interest for 2 months. Assessment indicated depression. Sertraline 50 mg was prescribed once daily for 30 days. Mild nausea was documented as an adverse drug reaction.",Depression,"low mood, poor sleep, loss of interest",Sertraline,50 mg,once daily,30 days,for 2 months,mild nausea
P0208,Divya Menon 11,57,Male,2026-02-08,Gastroenterology,"Patient complains of heartburn, sour taste and chest discomfort for 2 weeks. Assessment was consistent with acid reflux. Famotidine 20 mg was prescribed twice daily for 14 days. No adverse drug reaction reported.",Acid Reflux,"heartburn, sour taste, chest discomfort",Famotidine,20 mg,twice daily,14 days,for 2 weeks,none
P0209,Karthik Rao 11,55,Male,2025-03-27,General Medicine,"Patient developed fever, body ache and headache since 2 days. Assessment suggested viral fever. Paracetamol 500 mg was advised every 6 hours as needed for 5 days. No adverse drug reaction reported.",Viral Fever,"fever, body ache, headache",Paracetamol,500 mg,every 6 hours as needed,5 days,since 2 days,none
P0210,Ananya Patel 11,59,Female,2025-05-19,Dermatology,"Patient presents with facial pimples, oily skin and redness for 3 months. Assessment confirmed acne vulgaris. Doxycycline 100 mg was prescribed once daily for 30 days. Mild stomach upset was reported as an adverse drug reaction.",Acne Vulgaris,"facial pimples, oily skin, redness",Doxycycline,100 mg,once daily,30 days,for 3 months,mild stomach upset
P0211,Suresh Pillai 11,73,Female,2025-07-06,Diabetology,"Follow-up visit. Patient reports increased thirst, frequent urination and fatigue for the past 3 weeks. Diagnosed with Type 2 Diabetes Mellitus. Metformin 500 mg was prescribed twice daily for 30 days. No adverse drug reaction reported.",Type 2 Diabetes Mellitus,"increased thirst, frequent urination, fatigue",Metformin,500 mg,twice daily,30 days,for the past 3 weeks,none
P0212,Nandhini Gupta 11,21,Female,2026-01-24,Cardiology,Patient presented with headache and dizziness for 2 weeks. Assessment confirmed hypertension. Amlodipine 5 mg was prescribed once daily for 30 days. Mild ankle swelling was reported as an adverse drug reaction.,Hypertension,"headache, dizziness",Amlodipine,5 mg,once daily,30 days,for 2 weeks,mild ankle swelling
P0213,Ravi Varma 11,38,Male,2026-04-11,Pulmonology,"Patient has wheezing, shortness of breath and chest tightness since yesterday. Assessment was consistent with bronchial asthma. Salbutamol inhaler 100 mcg was advised as needed for 14 days. No adverse reaction was noted.",Bronchial Asthma,"wheezing, shortness of breath, chest tightness",Salbutamol inhaler,100 mcg,as needed,14 days,since yesterday,none
P0214,Keerthana Shah 11,38,Female,2026-01-24,General Medicine,"Patient reports fever, productive cough and chest pain for 4 days. Imaging suggested community acquired pneumonia. Azithromycin 500 mg was prescribed once daily for 5 days. Mild nausea was reported as an adverse drug reaction.",Community Acquired Pneumonia,"fever, productive cough, chest pain",Azithromycin,500 mg,once daily,5 days,for 4 days,mild nausea
P0215,Ajay Singh 11,35,Female,2025-09-16,Neurology,"Patient complains of severe headache, nausea and sensitivity to light for 1 month. Assessment indicates migraine. Sumatriptan 50 mg was prescribed as needed for 7 days. No adverse drug reaction reported.",Migraine,"severe headache, nausea, sensitivity to light",Sumatriptan,50 mg,as needed,7 days,for 1 month,none
P0216,Swetha Bose 11,71,Male,2026-04-27,Gastroenterology,"Follow-up visit. Patient has upper abdominal pain, heartburn and nausea for 10 days. Evaluation suggested gastritis. Pantoprazole 40 mg was prescribed once daily for 14 days. No adverse drug reaction reported.",Gastritis,"upper abdominal pain, heartburn, nausea",Pantoprazole,40 mg,once daily,14 days,for 10 days,none
P0217,Pradeep Chandran 11,19,Male,2025-12-25,Urology,"Patient reports burning urination, urinary frequency and lower abdominal discomfort for 3 days. Findings were consistent with urinary tract infection. Nitrofurantoin 100 mg was prescribed twice daily for 7 days. Mild nausea was recorded as an adverse drug reaction.",Urinary Tract Infection,"burning urination, urinary frequency, lower abdominal discomfort",Nitrofurantoin,100 mg,twice daily,7 days,for 3 days,mild nausea
P0218,Harini Prakash 11,32,Male,2025-02-11,Hematology,"Patient reports fatigue, weakness and pale skin for 2 months. Laboratory findings confirmed iron deficiency anemia. Ferrous Sulfate 325 mg was prescribed once daily for 60 days. Constipation was recorded as an adverse drug reaction.",Iron Deficiency Anemia,"fatigue, weakness, pale skin",Ferrous Sulfate,325 mg,once daily,60 days,for 2 months,constipation
P0219,Manoj Das 11,66,Male,2025-09-11,Endocrinology,"Patient complains of fatigue, weight gain and cold intolerance for 6 months. Thyroid testing confirmed hypothyroidism. Levothyroxine 50 mcg was prescribed once daily for 90 days. No adverse drug reaction reported.",Hypothyroidism,"fatigue, weight gain, cold intolerance",Levothyroxine,50 mcg,once daily,90 days,for 6 months,none
P0220,Deepa Mohan 11,30,Male,2026-09-29,Orthopedics,"Patient reports knee pain, stiffness and difficulty walking for 3 months. Assessment confirmed osteoarthritis. Paracetamol 650 mg was prescribed three times daily for 10 days. No adverse drug reaction was reported.",Osteoarthritis,"knee pain, stiffness, difficulty walking",Paracetamol,650 mg,three times daily,10 days,for 3 months,none
P0221,Arun Kumar 12,27,Male,2025-05-10,ENT,"Follow-up visit. Patient presents with sneezing, runny nose and itchy eyes for 5 days. Findings were consistent with allergic rhinitis. Cetirizine 10 mg was prescribed once nightly for 10 days. Mild drowsiness was reported as an adverse drug reaction.",Allergic Rhinitis,"sneezing, runny nose, itchy eyes",Cetirizine,10 mg,once nightly,10 days,for 5 days,mild drowsiness
P0222,Priya Sharma 12,48,Male,2026-08-01,General Medicine,"Patient reports cough, sore throat and mild fever for 1 week. Assessment indicated acute bronchitis. Dextromethorphan 10 mg was prescribed three times daily for 5 days. No adverse drug reaction reported.",Acute Bronchitis,"cough, sore throat, mild fever",Dextromethorphan,10 mg,three times daily,5 days,for 1 week,none
P0223,Rahul Krishnan 12,78,Male,2026-04-22,Gastroenterology,"Patient has burning stomach pain, nausea and bloating for 3 weeks. Evaluation suggested peptic ulcer disease. Omeprazole 20 mg was prescribed twice daily for 28 days. Headache was documented as an adverse drug reaction.",Peptic Ulcer Disease,"burning stomach pain, nausea, bloating",Omeprazole,20 mg,twice daily,28 days,for 3 weeks,headache
P0224,Meena Lakshmi 12,62,Female,2026-01-13,Cardiology,Recent health screening showed elevated cholesterol consistent with hyperlipidemia. Atorvastatin 20 mg was prescribed once nightly for 90 days. Mild muscle pain was recorded as an adverse drug reaction.,Hyperlipidemia,elevated cholesterol,Atorvastatin,20 mg,once nightly,90 days,during recent health screening,mild muscle pain
P0225,Santhosh Reddy 12,28,Male,2025-06-17,ENT,"Patient presents with facial pain, nasal congestion and headache for 6 days. Findings indicated acute sinusitis. Amoxicillin 500 mg was prescribed three times daily for 7 days. Mild diarrhea was recorded as an adverse drug reaction.",Acute Sinusitis,"facial pain, nasal congestion, headache",Amoxicillin,500 mg,three times daily,7 days,for 6 days,mild diarrhea
P0226,Kavya Nair 12,37,Male,2026-08-16,Dermatology,"Follow-up visit. Patient reports itching, redness and dry skin for 1 week. Examination was consistent with dermatitis. Hydrocortisone cream 1% was advised twice daily for 7 days. No adverse drug reaction was noted.",Dermatitis,"itching, redness, dry skin",Hydrocortisone cream,1%,twice daily,7 days,for 1 week,none
P0227,Vignesh Iyer 12,19,Female,2026-08-13,Rheumatology,"Patient has joint pain, morning stiffness and swollen fingers for 4 months. Assessment confirmed rheumatoid arthritis. Methotrexate 15 mg was prescribed once weekly for 8 weeks. Mild mouth ulcers were reported as an adverse drug reaction.",Rheumatoid Arthritis,"joint pain, morning stiffness, swollen fingers",Methotrexate,15 mg,once weekly,8 weeks,for 4 months,mild mouth ulcers
P0228,Divya Menon 12,61,Female,2026-02-11,Psychiatry,"Patient reports low mood, poor sleep and loss of interest for 2 months. Assessment indicated depression. Sertraline 50 mg was prescribed once daily for 30 days. Mild nausea was documented as an adverse drug reaction.",Depression,"low mood, poor sleep, loss of interest",Sertraline,50 mg,once daily,30 days,for 2 months,mild nausea
P0229,Karthik Rao 12,78,Male,2025-03-19,Gastroenterology,"Patient complains of heartburn, sour taste and chest discomfort for 2 weeks. Assessment was consistent with acid reflux. Famotidine 20 mg was prescribed twice daily for 14 days. No adverse drug reaction reported.",Acid Reflux,"heartburn, sour taste, chest discomfort",Famotidine,20 mg,twice daily,14 days,for 2 weeks,none
P0230,Ananya Patel 12,55,Male,2025-04-15,General Medicine,"Patient developed fever, body ache and headache since 2 days. Assessment suggested viral fever. Paracetamol 500 mg was advised every 6 hours as needed for 5 days. No adverse drug reaction reported.",Viral Fever,"fever, body ache, headache",Paracetamol,500 mg,every 6 hours as needed,5 days,since 2 days,none
P0231,Suresh Pillai 12,62,Female,2026-09-07,Dermatology,"Follow-up visit. Patient presents with facial pimples, oily skin and redness for 3 months. Assessment confirmed acne vulgaris. Doxycycline 100 mg was prescribed once daily for 30 days. Mild stomach upset was reported as an adverse drug reaction.",Acne Vulgaris,"facial pimples, oily skin, redness",Doxycycline,100 mg,once daily,30 days,for 3 months,mild stomach upset
P0232,Nandhini Gupta 12,69,Male,2026-08-03,Diabetology,"Patient reports increased thirst, frequent urination and fatigue for the past 3 weeks. Diagnosed with Type 2 Diabetes Mellitus. Metformin 500 mg was prescribed twice daily for 30 days. No adverse drug reaction reported.",Type 2 Diabetes Mellitus,"increased thirst, frequent urination, fatigue",Metformin,500 mg,twice daily,30 days,for the past 3 weeks,none
P0233,Ravi Varma 12,68,Male,2025-12-22,Cardiology,Patient presented with headache and dizziness for 2 weeks. Assessment confirmed hypertension. Amlodipine 5 mg was prescribed once daily for 30 days. Mild ankle swelling was reported as an adverse drug reaction.,Hypertension,"headache, dizziness",Amlodipine,5 mg,once daily,30 days,for 2 weeks,mild ankle swelling
P0234,Keerthana Shah 12,52,Female,2026-01-15,Pulmonology,"Patient has wheezing, shortness of breath and chest tightness since yesterday. Assessment was consistent with bronchial asthma. Salbutamol inhaler 100 mcg was advised as needed for 14 days. No adverse reaction was noted.",Bronchial Asthma,"wheezing, shortness of breath, chest tightness",Salbutamol inhaler,100 mcg,as needed,14 days,since yesterday,none
P0235,Ajay Singh 12,22,Female,2025-01-13,General Medicine,"Patient reports fever, productive cough and chest pain for 4 days. Imaging suggested community acquired pneumonia. Azithromycin 500 mg was prescribed once daily for 5 days. Mild nausea was reported as an adverse drug reaction.",Community Acquired Pneumonia,"fever, productive cough, chest pain",Azithromycin,500 mg,once daily,5 days,for 4 days,mild nausea
P0236,Swetha Bose 12,72,Female,2026-05-17,Neurology,"Follow-up visit. Patient complains of severe headache, nausea and sensitivity to light for 1 month. Assessment indicates migraine. Sumatriptan 50 mg was prescribed as needed for 7 days. No adverse drug reaction reported.",Migraine,"severe headache, nausea, sensitivity to light",Sumatriptan,50 mg,as needed,7 days,for 1 month,none
P0237,Pradeep Chandran 12,24,Female,2026-01-06,Gastroenterology,"Patient has upper abdominal pain, heartburn and nausea for 10 days. Evaluation suggested gastritis. Pantoprazole 40 mg was prescribed once daily for 14 days. No adverse drug reaction reported.",Gastritis,"upper abdominal pain, heartburn, nausea",Pantoprazole,40 mg,once daily,14 days,for 10 days,none
P0238,Harini Prakash 12,58,Female,2025-06-06,Urology,"Patient reports burning urination, urinary frequency and lower abdominal discomfort for 3 days. Findings were consistent with urinary tract infection. Nitrofurantoin 100 mg was prescribed twice daily for 7 days. Mild nausea was recorded as an adverse drug reaction.",Urinary Tract Infection,"burning urination, urinary frequency, lower abdominal discomfort",Nitrofurantoin,100 mg,twice daily,7 days,for 3 days,mild nausea
P0239,Manoj Das 12,45,Male,2026-06-19,Hematology,"Patient reports fatigue, weakness and pale skin for 2 months. Laboratory findings confirmed iron deficiency anemia. Ferrous Sulfate 325 mg was prescribed once daily for 60 days. Constipation was recorded as an adverse drug reaction.",Iron Deficiency Anemia,"fatigue, weakness, pale skin",Ferrous Sulfate,325 mg,once daily,60 days,for 2 months,constipation
P0240,Deepa Mohan 12,59,Female,2026-09-23,Endocrinology,"Patient complains of fatigue, weight gain and cold intolerance for 6 months. Thyroid testing confirmed hypothyroidism. Levothyroxine 50 mcg was prescribed once daily for 90 days. No adverse drug reaction reported.",Hypothyroidism,"fatigue, weight gain, cold intolerance",Levothyroxine,50 mcg,once daily,90 days,for 6 months,none
P0241,Arun Kumar 13,69,Female,2026-04-22,Orthopedics,"Follow-up visit. Patient reports knee pain, stiffness and difficulty walking for 3 months. Assessment confirmed osteoarthritis. Paracetamol 650 mg was prescribed three times daily for 10 days. No adverse drug reaction was reported.",Osteoarthritis,"knee pain, stiffness, difficulty walking",Paracetamol,650 mg,three times daily,10 days,for 3 months,none
P0242,Priya Sharma 13,45,Female,2025-11-27,ENT,"Patient presents with sneezing, runny nose and itchy eyes for 5 days. Findings were consistent with allergic rhinitis. Cetirizine 10 mg was prescribed once nightly for 10 days. Mild drowsiness was reported as an adverse drug reaction.",Allergic Rhinitis,"sneezing, runny nose, itchy eyes",Cetirizine,10 mg,once nightly,10 days,for 5 days,mild drowsiness
P0243,Rahul Krishnan 13,72,Male,2025-03-30,General Medicine,"Patient reports cough, sore throat and mild fever for 1 week. Assessment indicated acute bronchitis. Dextromethorphan 10 mg was prescribed three times daily for 5 days. No adverse drug reaction reported.",Acute Bronchitis,"cough, sore throat, mild fever",Dextromethorphan,10 mg,three times daily,5 days,for 1 week,none
P0244,Meena Lakshmi 13,35,Female,2025-09-07,Gastroenterology,"Patient has burning stomach pain, nausea and bloating for 3 weeks. Evaluation suggested peptic ulcer disease. Omeprazole 20 mg was prescribed twice daily for 28 days. Headache was documented as an adverse drug reaction.",Peptic Ulcer Disease,"burning stomach pain, nausea, bloating",Omeprazole,20 mg,twice daily,28 days,for 3 weeks,headache
P0245,Santhosh Reddy 13,66,Female,2026-08-07,Cardiology,Recent health screening showed elevated cholesterol consistent with hyperlipidemia. Atorvastatin 20 mg was prescribed once nightly for 90 days. Mild muscle pain was recorded as an adverse drug reaction.,Hyperlipidemia,elevated cholesterol,Atorvastatin,20 mg,once nightly,90 days,during recent health screening,mild muscle pain
P0246,Kavya Nair 13,57,Female,2025-12-11,ENT,"Follow-up visit. Patient presents with facial pain, nasal congestion and headache for 6 days. Findings indicated acute sinusitis. Amoxicillin 500 mg was prescribed three times daily for 7 days. Mild diarrhea was recorded as an adverse drug reaction.",Acute Sinusitis,"facial pain, nasal congestion, headache",Amoxicillin,500 mg,three times daily,7 days,for 6 days,mild diarrhea
P0247,Vignesh Iyer 13,19,Female,2025-11-29,Dermatology,"Patient reports itching, redness and dry skin for 1 week. Examination was consistent with dermatitis. Hydrocortisone cream 1% was advised twice daily for 7 days. No adverse drug reaction was noted.",Dermatitis,"itching, redness, dry skin",Hydrocortisone cream,1%,twice daily,7 days,for 1 week,none
P0248,Divya Menon 13,29,Female,2025-08-06,Rheumatology,"Patient has joint pain, morning stiffness and swollen fingers for 4 months. Assessment confirmed rheumatoid arthritis. Methotrexate 15 mg was prescribed once weekly for 8 weeks. Mild mouth ulcers were reported as an adverse drug reaction.",Rheumatoid Arthritis,"joint pain, morning stiffness, swollen fingers",Methotrexate,15 mg,once weekly,8 weeks,for 4 months,mild mouth ulcers
P0249,Karthik Rao 13,40,Female,2025-12-15,Psychiatry,"Patient reports low mood, poor sleep and loss of interest for 2 months. Assessment indicated depression. Sertraline 50 mg was prescribed once daily for 30 days. Mild nausea was documented as an adverse drug reaction.",Depression,"low mood, poor sleep, loss of interest",Sertraline,50 mg,once daily,30 days,for 2 months,mild nausea
P0250,Ananya Patel 13,35,Female,2026-07-24,Gastroenterology,"Patient complains of heartburn, sour taste and chest discomfort for 2 weeks. Assessment was consistent with acid reflux. Famotidine 20 mg was prescribed twice daily for 14 days. No adverse drug reaction reported.",Acid Reflux,"heartburn, sour taste, chest discomfort",Famotidine,20 mg,twice daily,14 days,for 2 weeks,none
P0251,Suresh Pillai 13,18,Male,2025-03-29,General Medicine,"Follow-up visit. Patient developed fever, body ache and headache since 2 days. Assessment suggested viral fever. Paracetamol 500 mg was advised every 6 hours as needed for 5 days. No adverse drug reaction reported.",Viral Fever,"fever, body ache, headache",Paracetamol,500 mg,every 6 hours as needed,5 days,since 2 days,none
P0252,Nandhini Gupta 13,33,Female,2026-05-16,Dermatology,"Patient presents with facial pimples, oily skin and redness for 3 months. Assessment confirmed acne vulgaris. Doxycycline 100 mg was prescribed once daily for 30 days. Mild stomach upset was reported as an adverse drug reaction.",Acne Vulgaris,"facial pimples, oily skin, redness",Doxycycline,100 mg,once daily,30 days,for 3 months,mild stomach upset
P0253,Ravi Varma 13,53,Male,2026-05-03,Diabetology,"Patient reports increased thirst, frequent urination and fatigue for the past 3 weeks. Diagnosed with Type 2 Diabetes Mellitus. Metformin 500 mg was prescribed twice daily for 30 days. No adverse drug reaction reported.",Type 2 Diabetes Mellitus,"increased thirst, frequent urination, fatigue",Metformin,500 mg,twice daily,30 days,for the past 3 weeks,none
P0254,Keerthana Shah 13,59,Female,2026-04-04,Cardiology,Patient presented with headache and dizziness for 2 weeks. Assessment confirmed hypertension. Amlodipine 5 mg was prescribed once daily for 30 days. Mild ankle swelling was reported as an adverse drug reaction.,Hypertension,"headache, dizziness",Amlodipine,5 mg,once daily,30 days,for 2 weeks,mild ankle swelling
P0255,Ajay Singh 13,68,Male,2025-04-06,Pulmonology,"Patient has wheezing, shortness of breath and chest tightness since yesterday. Assessment was consistent with bronchial asthma. Salbutamol inhaler 100 mcg was advised as needed for 14 days. No adverse reaction was noted.",Bronchial Asthma,"wheezing, shortness of breath, chest tightness",Salbutamol inhaler,100 mcg,as needed,14 days,since yesterday,none
P0256,Swetha Bose 13,36,Male,2026-02-19,General Medicine,"Follow-up visit. Patient reports fever, productive cough and chest pain for 4 days. Imaging suggested community acquired pneumonia. Azithromycin 500 mg was prescribed once daily for 5 days. Mild nausea was reported as an adverse drug reaction.",Community Acquired Pneumonia,"fever, productive cough, chest pain",Azithromycin,500 mg,once daily,5 days,for 4 days,mild nausea
P0257,Pradeep Chandran 13,62,Male,2025-11-10,Neurology,"Patient complains of severe headache, nausea and sensitivity to light for 1 month. Assessment indicates migraine. Sumatriptan 50 mg was prescribed as needed for 7 days. No adverse drug reaction reported.",Migraine,"severe headache, nausea, sensitivity to light",Sumatriptan,50 mg,as needed,7 days,for 1 month,none
P0258,Harini Prakash 13,60,Female,2026-04-30,Gastroenterology,"Patient has upper abdominal pain, heartburn and nausea for 10 days. Evaluation suggested gastritis. Pantoprazole 40 mg was prescribed once daily for 14 days. No adverse drug reaction reported.",Gastritis,"upper abdominal pain, heartburn, nausea",Pantoprazole,40 mg,once daily,14 days,for 10 days,none
P0259,Manoj Das 13,53,Female,2026-03-12,Urology,"Patient reports burning urination, urinary frequency and lower abdominal discomfort for 3 days. Findings were consistent with urinary tract infection. Nitrofurantoin 100 mg was prescribed twice daily for 7 days. Mild nausea was recorded as an adverse drug reaction.",Urinary Tract Infection,"burning urination, urinary frequency, lower abdominal discomfort",Nitrofurantoin,100 mg,twice daily,7 days,for 3 days,mild nausea
P0260,Deepa Mohan 13,65,Female,2025-12-27,Hematology,"Patient reports fatigue, weakness and pale skin for 2 months. Laboratory findings confirmed iron deficiency anemia. Ferrous Sulfate 325 mg was prescribed once daily for 60 days. Constipation was recorded as an adverse drug reaction.",Iron Deficiency Anemia,"fatigue, weakness, pale skin",Ferrous Sulfate,325 mg,once daily,60 days,for 2 months,constipation
P0261,Arun Kumar 14,62,Female,2025-10-05,Endocrinology,"Follow-up visit. Patient complains of fatigue, weight gain and cold intolerance for 6 months. Thyroid testing confirmed hypothyroidism. Levothyroxine 50 mcg was prescribed once daily for 90 days. No adverse drug reaction reported.",Hypothyroidism,"fatigue, weight gain, cold intolerance",Levothyroxine,50 mcg,once daily,90 days,for 6 months,none
P0262,Priya Sharma 14,37,Female,2025-08-25,Orthopedics,"Patient reports knee pain, stiffness and difficulty walking for 3 months. Assessment confirmed osteoarthritis. Paracetamol 650 mg was prescribed three times daily for 10 days. No adverse drug reaction was reported.",Osteoarthritis,"knee pain, stiffness, difficulty walking",Paracetamol,650 mg,three times daily,10 days,for 3 months,none
P0263,Rahul Krishnan 14,25,Male,2025-11-20,ENT,"Patient presents with sneezing, runny nose and itchy eyes for 5 days. Findings were consistent with allergic rhinitis. Cetirizine 10 mg was prescribed once nightly for 10 days. Mild drowsiness was reported as an adverse drug reaction.",Allergic Rhinitis,"sneezing, runny nose, itchy eyes",Cetirizine,10 mg,once nightly,10 days,for 5 days,mild drowsiness
P0264,Meena Lakshmi 14,25,Male,2025-07-16,General Medicine,"Patient reports cough, sore throat and mild fever for 1 week. Assessment indicated acute bronchitis. Dextromethorphan 10 mg was prescribed three times daily for 5 days. No adverse drug reaction reported.",Acute Bronchitis,"cough, sore throat, mild fever",Dextromethorphan,10 mg,three times daily,5 days,for 1 week,none
P0265,Santhosh Reddy 14,31,Female,2025-10-11,Gastroenterology,"Patient has burning stomach pain, nausea and bloating for 3 weeks. Evaluation suggested peptic ulcer disease. Omeprazole 20 mg was prescribed twice daily for 28 days. Headache was documented as an adverse drug reaction.",Peptic Ulcer Disease,"burning stomach pain, nausea, bloating",Omeprazole,20 mg,twice daily,28 days,for 3 weeks,headache
P0266,Kavya Nair 14,64,Female,2025-04-13,Cardiology,Follow-up visit. Recent health screening showed elevated cholesterol consistent with hyperlipidemia. Atorvastatin 20 mg was prescribed once nightly for 90 days. Mild muscle pain was recorded as an adverse drug reaction.,Hyperlipidemia,elevated cholesterol,Atorvastatin,20 mg,once nightly,90 days,during recent health screening,mild muscle pain
P0267,Vignesh Iyer 14,71,Male,2025-10-31,ENT,"Patient presents with facial pain, nasal congestion and headache for 6 days. Findings indicated acute sinusitis. Amoxicillin 500 mg was prescribed three times daily for 7 days. Mild diarrhea was recorded as an adverse drug reaction.",Acute Sinusitis,"facial pain, nasal congestion, headache",Amoxicillin,500 mg,three times daily,7 days,for 6 days,mild diarrhea
P0268,Divya Menon 14,32,Female,2025-07-03,Dermatology,"Patient reports itching, redness and dry skin for 1 week. Examination was consistent with dermatitis. Hydrocortisone cream 1% was advised twice daily for 7 days. No adverse drug reaction was noted.",Dermatitis,"itching, redness, dry skin",Hydrocortisone cream,1%,twice daily,7 days,for 1 week,none
P0269,Karthik Rao 14,37,Male,2026-07-01,Rheumatology,"Patient has joint pain, morning stiffness and swollen fingers for 4 months. Assessment confirmed rheumatoid arthritis. Methotrexate 15 mg was prescribed once weekly for 8 weeks. Mild mouth ulcers were reported as an adverse drug reaction.",Rheumatoid Arthritis,"joint pain, morning stiffness, swollen fingers",Methotrexate,15 mg,once weekly,8 weeks,for 4 months,mild mouth ulcers
P0270,Ananya Patel 14,26,Female,2025-02-16,Psychiatry,"Patient reports low mood, poor sleep and loss of interest for 2 months. Assessment indicated depression. Sertraline 50 mg was prescribed once daily for 30 days. Mild nausea was documented as an adverse drug reaction.",Depression,"low mood, poor sleep, loss of interest",Sertraline,50 mg,once daily,30 days,for 2 months,mild nausea
P0271,Suresh Pillai 14,21,Female,2025-05-10,Gastroenterology,"Follow-up visit. Patient complains of heartburn, sour taste and chest discomfort for 2 weeks. Assessment was consistent with acid reflux. Famotidine 20 mg was prescribed twice daily for 14 days. No adverse drug reaction reported.",Acid Reflux,"heartburn, sour taste, chest discomfort",Famotidine,20 mg,twice daily,14 days,for 2 weeks,none
P0272,Nandhini Gupta 14,58,Female,2025-04-16,General Medicine,"Patient developed fever, body ache and headache since 2 days. Assessment suggested viral fever. Paracetamol 500 mg was advised every 6 hours as needed for 5 days. No adverse drug reaction reported.",Viral Fever,"fever, body ache, headache",Paracetamol,500 mg,every 6 hours as needed,5 days,since 2 days,none
P0273,Ravi Varma 14,73,Male,2026-08-11,Dermatology,"Patient presents with facial pimples, oily skin and redness for 3 months. Assessment confirmed acne vulgaris. Doxycycline 100 mg was prescribed once daily for 30 days. Mild stomach upset was reported as an adverse drug reaction.",Acne Vulgaris,"facial pimples, oily skin, redness",Doxycycline,100 mg,once daily,30 days,for 3 months,mild stomach upset
P0274,Keerthana Shah 14,36,Female,2026-05-06,Diabetology,"Patient reports increased thirst, frequent urination and fatigue for the past 3 weeks. Diagnosed with Type 2 Diabetes Mellitus. Metformin 500 mg was prescribed twice daily for 30 days. No adverse drug reaction reported.",Type 2 Diabetes Mellitus,"increased thirst, frequent urination, fatigue",Metformin,500 mg,twice daily,30 days,for the past 3 weeks,none
P0275,Ajay Singh 14,46,Female,2025-07-08,Cardiology,Patient presented with headache and dizziness for 2 weeks. Assessment confirmed hypertension. Amlodipine 5 mg was prescribed once daily for 30 days. Mild ankle swelling was reported as an adverse drug reaction.,Hypertension,"headache, dizziness",Amlodipine,5 mg,once daily,30 days,for 2 weeks,mild ankle swelling
P0276,Swetha Bose 14,21,Female,2026-05-05,Pulmonology,"Follow-up visit. Patient has wheezing, shortness of breath and chest tightness since yesterday. Assessment was consistent with bronchial asthma. Salbutamol inhaler 100 mcg was advised as needed for 14 days. No adverse reaction was noted.",Bronchial Asthma,"wheezing, shortness of breath, chest tightness",Salbutamol inhaler,100 mcg,as needed,14 days,since yesterday,none
P0277,Pradeep Chandran 14,25,Male,2026-02-15,General Medicine,"Patient reports fever, productive cough and chest pain for 4 days. Imaging suggested community acquired pneumonia. Azithromycin 500 mg was prescribed once daily for 5 days. Mild nausea was reported as an adverse drug reaction.",Community Acquired Pneumonia,"fever, productive cough, chest pain",Azithromycin,500 mg,once daily,5 days,for 4 days,mild nausea
P0278,Harini Prakash 14,49,Male,2026-08-14,Neurology,"Patient complains of severe headache, nausea and sensitivity to light for 1 month. Assessment indicates migraine. Sumatriptan 50 mg was prescribed as needed for 7 days. No adverse drug reaction reported.",Migraine,"severe headache, nausea, sensitivity to light",Sumatriptan,50 mg,as needed,7 days,for 1 month,none
P0279,Manoj Das 14,58,Male,2025-06-05,Gastroenterology,"Patient has upper abdominal pain, heartburn and nausea for 10 days. Evaluation suggested gastritis. Pantoprazole 40 mg was prescribed once daily for 14 days. No adverse drug reaction reported.",Gastritis,"upper abdominal pain, heartburn, nausea",Pantoprazole,40 mg,once daily,14 days,for 10 days,none
P0280,Deepa Mohan 14,27,Female,2025-03-29,Urology,"Patient reports burning urination, urinary frequency and lower abdominal discomfort for 3 days. Findings were consistent with urinary tract infection. Nitrofurantoin 100 mg was prescribed twice daily for 7 days. Mild nausea was recorded as an adverse drug reaction.",Urinary Tract Infection,"burning urination, urinary frequency, lower abdominal discomfort",Nitrofurantoin,100 mg,twice daily,7 days,for 3 days,mild nausea
P0281,Arun Kumar 15,33,Male,2026-07-26,Hematology,"Follow-up visit. Patient reports fatigue, weakness and pale skin for 2 months. Laboratory findings confirmed iron deficiency anemia. Ferrous Sulfate 325 mg was prescribed once daily for 60 days. Constipation was recorded as an adverse drug reaction.",Iron Deficiency Anemia,"fatigue, weakness, pale skin",Ferrous Sulfate,325 mg,once daily,60 days,for 2 months,constipation
P0282,Priya Sharma 15,66,Female,2026-09-13,Endocrinology,"Patient complains of fatigue, weight gain and cold intolerance for 6 months. Thyroid testing confirmed hypothyroidism. Levothyroxine 50 mcg was prescribed once daily for 90 days. No adverse drug reaction reported.",Hypothyroidism,"fatigue, weight gain, cold intolerance",Levothyroxine,50 mcg,once daily,90 days,for 6 months,none
P0283,Rahul Krishnan 15,56,Male,2026-06-20,Orthopedics,"Patient reports knee pain, stiffness and difficulty walking for 3 months. Assessment confirmed osteoarthritis. Paracetamol 650 mg was prescribed three times daily for 10 days. No adverse drug reaction was reported.",Osteoarthritis,"knee pain, stiffness, difficulty walking",Paracetamol,650 mg,three times daily,10 days,for 3 months,none
P0284,Meena Lakshmi 15,42,Female,2026-03-30,ENT,"Patient presents with sneezing, runny nose and itchy eyes for 5 days. Findings were consistent with allergic rhinitis. Cetirizine 10 mg was prescribed once nightly for 10 days. Mild drowsiness was reported as an adverse drug reaction.",Allergic Rhinitis,"sneezing, runny nose, itchy eyes",Cetirizine,10 mg,once nightly,10 days,for 5 days,mild drowsiness
P0285,Santhosh Reddy 15,37,Female,2025-11-09,General Medicine,"Patient reports cough, sore throat and mild fever for 1 week. Assessment indicated acute bronchitis. Dextromethorphan 10 mg was prescribed three times daily for 5 days. No adverse drug reaction reported.",Acute Bronchitis,"cough, sore throat, mild fever",Dextromethorphan,10 mg,three times daily,5 days,for 1 week,none
P0286,Kavya Nair 15,54,Male,2026-09-17,Gastroenterology,"Follow-up visit. Patient has burning stomach pain, nausea and bloating for 3 weeks. Evaluation suggested peptic ulcer disease. Omeprazole 20 mg was prescribed twice daily for 28 days. Headache was documented as an adverse drug reaction.",Peptic Ulcer Disease,"burning stomach pain, nausea, bloating",Omeprazole,20 mg,twice daily,28 days,for 3 weeks,headache
P0287,Vignesh Iyer 15,65,Male,2025-08-01,Cardiology,Recent health screening showed elevated cholesterol consistent with hyperlipidemia. Atorvastatin 20 mg was prescribed once nightly for 90 days. Mild muscle pain was recorded as an adverse drug reaction.,Hyperlipidemia,elevated cholesterol,Atorvastatin,20 mg,once nightly,90 days,during recent health screening,mild muscle pain
P0288,Divya Menon 15,58,Male,2025-09-28,ENT,"Patient presents with facial pain, nasal congestion and headache for 6 days. Findings indicated acute sinusitis. Amoxicillin 500 mg was prescribed three times daily for 7 days. Mild diarrhea was recorded as an adverse drug reaction.",Acute Sinusitis,"facial pain, nasal congestion, headache",Amoxicillin,500 mg,three times daily,7 days,for 6 days,mild diarrhea
P0289,Karthik Rao 15,60,Male,2025-06-10,Dermatology,"Patient reports itching, redness and dry skin for 1 week. Examination was consistent with dermatitis. Hydrocortisone cream 1% was advised twice daily for 7 days. No adverse drug reaction was noted.",Dermatitis,"itching, redness, dry skin",Hydrocortisone cream,1%,twice daily,7 days,for 1 week,none
P0290,Ananya Patel 15,33,Male,2026-07-20,Rheumatology,"Patient has joint pain, morning stiffness and swollen fingers for 4 months. Assessment confirmed rheumatoid arthritis. Methotrexate 15 mg was prescribed once weekly for 8 weeks. Mild mouth ulcers were reported as an adverse drug reaction.",Rheumatoid Arthritis,"joint pain, morning stiffness, swollen fingers",Methotrexate,15 mg,once weekly,8 weeks,for 4 months,mild mouth ulcers
P0291,Suresh Pillai 15,22,Male,2025-01-03,Psychiatry,"Follow-up visit. Patient reports low mood, poor sleep and loss of interest for 2 months. Assessment indicated depression. Sertraline 50 mg was prescribed once daily for 30 days. Mild nausea was documented as an adverse drug reaction.",Depression,"low mood, poor sleep, loss of interest",Sertraline,50 mg,once daily,30 days,for 2 months,mild nausea
P0292,Nandhini Gupta 15,44,Female,2026-09-01,Gastroenterology,"Patient complains of heartburn, sour taste and chest discomfort for 2 weeks. Assessment was consistent with acid reflux. Famotidine 20 mg was prescribed twice daily for 14 days. No adverse drug reaction reported.",Acid Reflux,"heartburn, sour taste, chest discomfort",Famotidine,20 mg,twice daily,14 days,for 2 weeks,none
P0293,Ravi Varma 15,48,Female,2025-02-03,General Medicine,"Patient developed fever, body ache and headache since 2 days. Assessment suggested viral fever. Paracetamol 500 mg was advised every 6 hours as needed for 5 days. No adverse drug reaction reported.",Viral Fever,"fever, body ache, headache",Paracetamol,500 mg,every 6 hours as needed,5 days,since 2 days,none
P0294,Keerthana Shah 15,32,Female,2025-10-17,Dermatology,"Patient presents with facial pimples, oily skin and redness for 3 months. Assessment confirmed acne vulgaris. Doxycycline 100 mg was prescribed once daily for 30 days. Mild stomach upset was reported as an adverse drug reaction.",Acne Vulgaris,"facial pimples, oily skin, redness",Doxycycline,100 mg,once daily,30 days,for 3 months,mild stomach upset
P0295,Ajay Singh 15,62,Female,2025-03-14,Diabetology,"Patient reports increased thirst, frequent urination and fatigue for the past 3 weeks. Diagnosed with Type 2 Diabetes Mellitus. Metformin 500 mg was prescribed twice daily for 30 days. No adverse drug reaction reported.",Type 2 Diabetes Mellitus,"increased thirst, frequent urination, fatigue",Metformin,500 mg,twice daily,30 days,for the past 3 weeks,none
P0296,Swetha Bose 15,61,Male,2025-09-28,Cardiology,Follow-up visit. Patient presented with headache and dizziness for 2 weeks. Assessment confirmed hypertension. Amlodipine 5 mg was prescribed once daily for 30 days. Mild ankle swelling was reported as an adverse drug reaction.,Hypertension,"headache, dizziness",Amlodipine,5 mg,once daily,30 days,for 2 weeks,mild ankle swelling
P0297,Pradeep Chandran 15,68,Male,2026-03-12,Pulmonology,"Patient has wheezing, shortness of breath and chest tightness since yesterday. Assessment was consistent with bronchial asthma. Salbutamol inhaler 100 mcg was advised as needed for 14 days. No adverse reaction was noted.",Bronchial Asthma,"wheezing, shortness of breath, chest tightness",Salbutamol inhaler,100 mcg,as needed,14 days,since yesterday,none
P0298,Harini Prakash 15,25,Male,2025-06-02,General Medicine,"Patient reports fever, productive cough and chest pain for 4 days. Imaging suggested community acquired pneumonia. Azithromycin 500 mg was prescribed once daily for 5 days. Mild nausea was reported as an adverse drug reaction.",Community Acquired Pneumonia,"fever, productive cough, chest pain",Azithromycin,500 mg,once daily,5 days,for 4 days,mild nausea
P0299,Manoj Das 15,76,Female,2025-05-26,Neurology,"Patient complains of severe headache, nausea and sensitivity to light for 1 month. Assessment indicates migraine. Sumatriptan 50 mg was prescribed as needed for 7 days. No adverse drug reaction reported.",Migraine,"severe headache, nausea, sensitivity to light",Sumatriptan,50 mg,as needed,7 days,for 1 month,none
P0300,Deepa Mohan 15,22,Male,2025-06-19,Gastroenterology,"Patient has upper abdominal pain, heartburn and nausea for 10 days. Evaluation suggested gastritis. Pantoprazole 40 mg was prescribed once daily for 14 days. No adverse drug reaction reported.",Gastritis,"upper abdominal pain, heartburn, nausea",Pantoprazole,40 mg,once daily,14 days,for 10 days,none
P0301,Arun Kumar 16,68,Female,2026-09-02,Urology,"Follow-up visit. Patient reports burning urination, urinary frequency and lower abdominal discomfort for 3 days. Findings were consistent with urinary tract infection. Nitrofurantoin 100 mg was prescribed twice daily for 7 days. Mild nausea was recorded as an adverse drug reaction.",Urinary Tract Infection,"burning urination, urinary frequency, lower abdominal discomfort",Nitrofurantoin,100 mg,twice daily,7 days,for 3 days,mild nausea
P0302,Priya Sharma 16,65,Female,2026-03-26,Hematology,"Patient reports fatigue, weakness and pale skin for 2 months. Laboratory findings confirmed iron deficiency anemia. Ferrous Sulfate 325 mg was prescribed once daily for 60 days. Constipation was recorded as an adverse drug reaction.",Iron Deficiency Anemia,"fatigue, weakness, pale skin",Ferrous Sulfate,325 mg,once daily,60 days,for 2 months,constipation
P0303,Rahul Krishnan 16,25,Female,2025-11-08,Endocrinology,"Patient complains of fatigue, weight gain and cold intolerance for 6 months. Thyroid testing confirmed hypothyroidism. Levothyroxine 50 mcg was prescribed once daily for 90 days. No adverse drug reaction reported.",Hypothyroidism,"fatigue, weight gain, cold intolerance",Levothyroxine,50 mcg,once daily,90 days,for 6 months,none
P0304,Meena Lakshmi 16,62,Female,2025-10-06,Orthopedics,"Patient reports knee pain, stiffness and difficulty walking for 3 months. Assessment confirmed osteoarthritis. Paracetamol 650 mg was prescribed three times daily for 10 days. No adverse drug reaction was reported.",Osteoarthritis,"knee pain, stiffness, difficulty walking",Paracetamol,650 mg,three times daily,10 days,for 3 months,none
P0305,Santhosh Reddy 16,50,Female,2026-03-25,ENT,"Patient presents with sneezing, runny nose and itchy eyes for 5 days. Findings were consistent with allergic rhinitis. Cetirizine 10 mg was prescribed once nightly for 10 days. Mild drowsiness was reported as an adverse drug reaction.",Allergic Rhinitis,"sneezing, runny nose, itchy eyes",Cetirizine,10 mg,once nightly,10 days,for 5 days,mild drowsiness
P0306,Kavya Nair 16,23,Male,2026-03-19,General Medicine,"Follow-up visit. Patient reports cough, sore throat and mild fever for 1 week. Assessment indicated acute bronchitis. Dextromethorphan 10 mg was prescribed three times daily for 5 days. No adverse drug reaction reported.",Acute Bronchitis,"cough, sore throat, mild fever",Dextromethorphan,10 mg,three times daily,5 days,for 1 week,none
P0307,Vignesh Iyer 16,65,Female,2026-09-11,Gastroenterology,"Patient has burning stomach pain, nausea and bloating for 3 weeks. Evaluation suggested peptic ulcer disease. Omeprazole 20 mg was prescribed twice daily for 28 days. Headache was documented as an adverse drug reaction.",Peptic Ulcer Disease,"burning stomach pain, nausea, bloating",Omeprazole,20 mg,twice daily,28 days,for 3 weeks,headache
P0308,Divya Menon 16,34,Male,2025-04-04,Cardiology,Recent health screening showed elevated cholesterol consistent with hyperlipidemia. Atorvastatin 20 mg was prescribed once nightly for 90 days. Mild muscle pain was recorded as an adverse drug reaction.,Hyperlipidemia,elevated cholesterol,Atorvastatin,20 mg,once nightly,90 days,during recent health screening,mild muscle pain
P0309,Karthik Rao 16,32,Male,2025-10-03,ENT,"Patient presents with facial pain, nasal congestion and headache for 6 days. Findings indicated acute sinusitis. Amoxicillin 500 mg was prescribed three times daily for 7 days. Mild diarrhea was recorded as an adverse drug reaction.",Acute Sinusitis,"facial pain, nasal congestion, headache",Amoxicillin,500 mg,three times daily,7 days,for 6 days,mild diarrhea
P0310,Ananya Patel 16,54,Male,2025-06-29,Dermatology,"Patient reports itching, redness and dry skin for 1 week. Examination was consistent with dermatitis. Hydrocortisone cream 1% was advised twice daily for 7 days. No adverse drug reaction was noted.",Dermatitis,"itching, redness, dry skin",Hydrocortisone cream,1%,twice daily,7 days,for 1 week,none
P0311,Suresh Pillai 16,48,Female,2025-10-12,Rheumatology,"Follow-up visit. Patient has joint pain, morning stiffness and swollen fingers for 4 months. Assessment confirmed rheumatoid arthritis. Methotrexate 15 mg was prescribed once weekly for 8 weeks. Mild mouth ulcers were reported as an adverse drug reaction.",Rheumatoid Arthritis,"joint pain, morning stiffness, swollen fingers",Methotrexate,15 mg,once weekly,8 weeks,for 4 months,mild mouth ulcers
P0312,Nandhini Gupta 16,29,Female,2026-05-19,Psychiatry,"Patient reports low mood, poor sleep and loss of interest for 2 months. Assessment indicated depression. Sertraline 50 mg was prescribed once daily for 30 days. Mild nausea was documented as an adverse drug reaction.",Depression,"low mood, poor sleep, loss of interest",Sertraline,50 mg,once daily,30 days,for 2 months,mild nausea
P0313,Ravi Varma 16,23,Female,2025-12-23,Gastroenterology,"Patient complains of heartburn, sour taste and chest discomfort for 2 weeks. Assessment was consistent with acid reflux. Famotidine 20 mg was prescribed twice daily for 14 days. No adverse drug reaction reported.",Acid Reflux,"heartburn, sour taste, chest discomfort",Famotidine,20 mg,twice daily,14 days,for 2 weeks,none
P0314,Keerthana Shah 16,44,Female,2025-11-25,General Medicine,"Patient developed fever, body ache and headache since 2 days. Assessment suggested viral fever. Paracetamol 500 mg was advised every 6 hours as needed for 5 days. No adverse drug reaction reported.",Viral Fever,"fever, body ache, headache",Paracetamol,500 mg,every 6 hours as needed,5 days,since 2 days,none
P0315,Ajay Singh 16,60,Male,2025-06-14,Dermatology,"Patient presents with facial pimples, oily skin and redness for 3 months. Assessment confirmed acne vulgaris. Doxycycline 100 mg was prescribed once daily for 30 days. Mild stomach upset was reported as an adverse drug reaction.",Acne Vulgaris,"facial pimples, oily skin, redness",Doxycycline,100 mg,once daily,30 days,for 3 months,mild stomach upset
P0316,Swetha Bose 16,39,Female,2026-05-23,Diabetology,"Follow-up visit. Patient reports increased thirst, frequent urination and fatigue for the past 3 weeks. Diagnosed with Type 2 Diabetes Mellitus. Metformin 500 mg was prescribed twice daily for 30 days. No adverse drug reaction reported.",Type 2 Diabetes Mellitus,"increased thirst, frequent urination, fatigue",Metformin,500 mg,twice daily,30 days,for the past 3 weeks,none
P0317,Pradeep Chandran 16,36,Female,2026-07-18,Cardiology,Patient presented with headache and dizziness for 2 weeks. Assessment confirmed hypertension. Amlodipine 5 mg was prescribed once daily for 30 days. Mild ankle swelling was reported as an adverse drug reaction.,Hypertension,"headache, dizziness",Amlodipine,5 mg,once daily,30 days,for 2 weeks,mild ankle swelling
P0318,Harini Prakash 16,20,Female,2025-04-01,Pulmonology,"Patient has wheezing, shortness of breath and chest tightness since yesterday. Assessment was consistent with bronchial asthma. Salbutamol inhaler 100 mcg was advised as needed for 14 days. No adverse reaction was noted.",Bronchial Asthma,"wheezing, shortness of breath, chest tightness",Salbutamol inhaler,100 mcg,as needed,14 days,since yesterday,none
P0319,Manoj Das 16,38,Female,2025-11-28,General Medicine,"Patient reports fever, productive cough and chest pain for 4 days. Imaging suggested community acquired pneumonia. Azithromycin 500 mg was prescribed once daily for 5 days. Mild nausea was reported as an adverse drug reaction.",Community Acquired Pneumonia,"fever, productive cough, chest pain",Azithromycin,500 mg,once daily,5 days,for 4 days,mild nausea
P0320,Deepa Mohan 16,25,Female,2026-06-11,Neurology,"Patient complains of severe headache, nausea and sensitivity to light for 1 month. Assessment indicates migraine. Sumatriptan 50 mg was prescribed as needed for 7 days. No adverse drug reaction reported.",Migraine,"severe headache, nausea, sensitivity to light",Sumatriptan,50 mg,as needed,7 days,for 1 month,none
P0321,Arun Kumar 17,70,Male,2026-07-10,Gastroenterology,"Follow-up visit. Patient has upper abdominal pain, heartburn and nausea for 10 days. Evaluation suggested gastritis. Pantoprazole 40 mg was prescribed once daily for 14 days. No adverse drug reaction reported.",Gastritis,"upper abdominal pain, heartburn, nausea",Pantoprazole,40 mg,once daily,14 days,for 10 days,none
P0322,Priya Sharma 17,47,Female,2025-02-25,Urology,"Patient reports burning urination, urinary frequency and lower abdominal discomfort for 3 days. Findings were consistent with urinary tract infection. Nitrofurantoin 100 mg was prescribed twice daily for 7 days. Mild nausea was recorded as an adverse drug reaction.",Urinary Tract Infection,"burning urination, urinary frequency, lower abdominal discomfort",Nitrofurantoin,100 mg,twice daily,7 days,for 3 days,mild nausea
P0323,Rahul Krishnan 17,30,Female,2026-09-30,Hematology,"Patient reports fatigue, weakness and pale skin for 2 months. Laboratory findings confirmed iron deficiency anemia. Ferrous Sulfate 325 mg was prescribed once daily for 60 days. Constipation was recorded as an adverse drug reaction.",Iron Deficiency Anemia,"fatigue, weakness, pale skin",Ferrous Sulfate,325 mg,once daily,60 days,for 2 months,constipation
P0324,Meena Lakshmi 17,66,Female,2026-10-03,Endocrinology,"Patient complains of fatigue, weight gain and cold intolerance for 6 months. Thyroid testing confirmed hypothyroidism. Levothyroxine 50 mcg was prescribed once daily for 90 days. No adverse drug reaction reported.",Hypothyroidism,"fatigue, weight gain, cold intolerance",Levothyroxine,50 mcg,once daily,90 days,for 6 months,none
P0325,Santhosh Reddy 17,46,Male,2025-07-28,Orthopedics,"Patient reports knee pain, stiffness and difficulty walking for 3 months. Assessment confirmed osteoarthritis. Paracetamol 650 mg was prescribed three times daily for 10 days. No adverse drug reaction was reported.",Osteoarthritis,"knee pain, stiffness, difficulty walking",Paracetamol,650 mg,three times daily,10 days,for 3 months,none
P0326,Kavya Nair 17,35,Male,2025-10-22,ENT,"Follow-up visit. Patient presents with sneezing, runny nose and itchy eyes for 5 days. Findings were consistent with allergic rhinitis. Cetirizine 10 mg was prescribed once nightly for 10 days. Mild drowsiness was reported as an adverse drug reaction.",Allergic Rhinitis,"sneezing, runny nose, itchy eyes",Cetirizine,10 mg,once nightly,10 days,for 5 days,mild drowsiness
P0327,Vignesh Iyer 17,46,Female,2025-05-05,General Medicine,"Patient reports cough, sore throat and mild fever for 1 week. Assessment indicated acute bronchitis. Dextromethorphan 10 mg was prescribed three times daily for 5 days. No adverse drug reaction reported.",Acute Bronchitis,"cough, sore throat, mild fever",Dextromethorphan,10 mg,three times daily,5 days,for 1 week,none
P0328,Divya Menon 17,19,Male,2025-06-12,Gastroenterology,"Patient has burning stomach pain, nausea and bloating for 3 weeks. Evaluation suggested peptic ulcer disease. Omeprazole 20 mg was prescribed twice daily for 28 days. Headache was documented as an adverse drug reaction.",Peptic Ulcer Disease,"burning stomach pain, nausea, bloating",Omeprazole,20 mg,twice daily,28 days,for 3 weeks,headache
P0329,Karthik Rao 17,37,Male,2026-07-20,Cardiology,Recent health screening showed elevated cholesterol consistent with hyperlipidemia. Atorvastatin 20 mg was prescribed once nightly for 90 days. Mild muscle pain was recorded as an adverse drug reaction.,Hyperlipidemia,elevated cholesterol,Atorvastatin,20 mg,once nightly,90 days,during recent health screening,mild muscle pain
P0330,Ananya Patel 17,44,Male,2025-08-19,ENT,"Patient presents with facial pain, nasal congestion and headache for 6 days. Findings indicated acute sinusitis. Amoxicillin 500 mg was prescribed three times daily for 7 days. Mild diarrhea was recorded as an adverse drug reaction.",Acute Sinusitis,"facial pain, nasal congestion, headache",Amoxicillin,500 mg,three times daily,7 days,for 6 days,mild diarrhea
P0331,Suresh Pillai 17,71,Male,2026-04-18,Dermatology,"Follow-up visit. Patient reports itching, redness and dry skin for 1 week. Examination was consistent with dermatitis. Hydrocortisone cream 1% was advised twice daily for 7 days. No adverse drug reaction was noted.",Dermatitis,"itching, redness, dry skin",Hydrocortisone cream,1%,twice daily,7 days,for 1 week,none
P0332,Nandhini Gupta 17,78,Male,2025-06-07,Rheumatology,"Patient has joint pain, morning stiffness and swollen fingers for 4 months. Assessment confirmed rheumatoid arthritis. Methotrexate 15 mg was prescribed once weekly for 8 weeks. Mild mouth ulcers were reported as an adverse drug reaction.",Rheumatoid Arthritis,"joint pain, morning stiffness, swollen fingers",Methotrexate,15 mg,once weekly,8 weeks,for 4 months,mild mouth ulcers
P0333,Ravi Varma 17,49,Female,2026-06-06,Psychiatry,"Patient reports low mood, poor sleep and loss of interest for 2 months. Assessment indicated depression. Sertraline 50 mg was prescribed once daily for 30 days. Mild nausea was documented as an adverse drug reaction.",Depression,"low mood, poor sleep, loss of interest",Sertraline,50 mg,once daily,30 days,for 2 months,mild nausea
P0334,Keerthana Shah 17,63,Female,2026-03-02,Gastroenterology,"Patient complains of heartburn, sour taste and chest discomfort for 2 weeks. Assessment was consistent with acid reflux. Famotidine 20 mg was prescribed twice daily for 14 days. No adverse drug reaction reported.",Acid Reflux,"heartburn, sour taste, chest discomfort",Famotidine,20 mg,twice daily,14 days,for 2 weeks,none
P0335,Ajay Singh 17,71,Female,2026-04-29,General Medicine,"Patient developed fever, body ache and headache since 2 days. Assessment suggested viral fever. Paracetamol 500 mg was advised every 6 hours as needed for 5 days. No adverse drug reaction reported.",Viral Fever,"fever, body ache, headache",Paracetamol,500 mg,every 6 hours as needed,5 days,since 2 days,none
P0336,Swetha Bose 17,33,Female,2026-07-19,Dermatology,"Follow-up visit. Patient presents with facial pimples, oily skin and redness for 3 months. Assessment confirmed acne vulgaris. Doxycycline 100 mg was prescribed once daily for 30 days. Mild stomach upset was reported as an adverse drug reaction.",Acne Vulgaris,"facial pimples, oily skin, redness",Doxycycline,100 mg,once daily,30 days,for 3 months,mild stomach upset
P0337,Pradeep Chandran 17,27,Female,2025-07-15,Diabetology,"Patient reports increased thirst, frequent urination and fatigue for the past 3 weeks. Diagnosed with Type 2 Diabetes Mellitus. Metformin 500 mg was prescribed twice daily for 30 days. No adverse drug reaction reported.",Type 2 Diabetes Mellitus,"increased thirst, frequent urination, fatigue",Metformin,500 mg,twice daily,30 days,for the past 3 weeks,none
P0338,Harini Prakash 17,76,Male,2025-03-13,Cardiology,Patient presented with headache and dizziness for 2 weeks. Assessment confirmed hypertension. Amlodipine 5 mg was prescribed once daily for 30 days. Mild ankle swelling was reported as an adverse drug reaction.,Hypertension,"headache, dizziness",Amlodipine,5 mg,once daily,30 days,for 2 weeks,mild ankle swelling
P0339,Manoj Das 17,35,Female,2025-12-15,Pulmonology,"Patient has wheezing, shortness of breath and chest tightness since yesterday. Assessment was consistent with bronchial asthma. Salbutamol inhaler 100 mcg was advised as needed for 14 days. No adverse reaction was noted.",Bronchial Asthma,"wheezing, shortness of breath, chest tightness",Salbutamol inhaler,100 mcg,as needed,14 days,since yesterday,none
P0340,Deepa Mohan 17,77,Female,2025-01-03,General Medicine,"Patient reports fever, productive cough and chest pain for 4 days. Imaging suggested community acquired pneumonia. Azithromycin 500 mg was prescribed once daily for 5 days. Mild nausea was reported as an adverse drug reaction.",Community Acquired Pneumonia,"fever, productive cough, chest pain",Azithromycin,500 mg,once daily,5 days,for 4 days,mild nausea
P0341,Arun Kumar 18,36,Female,2026-08-25,Neurology,"Follow-up visit. Patient complains of severe headache, nausea and sensitivity to light for 1 month. Assessment indicates migraine. Sumatriptan 50 mg was prescribed as needed for 7 days. No adverse drug reaction reported.",Migraine,"severe headache, nausea, sensitivity to light",Sumatriptan,50 mg,as needed,7 days,for 1 month,none
P0342,Priya Sharma 18,55,Female,2025-06-02,Gastroenterology,"Patient has upper abdominal pain, heartburn and nausea for 10 days. Evaluation suggested gastritis. Pantoprazole 40 mg was prescribed once daily for 14 days. No adverse drug reaction reported.",Gastritis,"upper abdominal pain, heartburn, nausea",Pantoprazole,40 mg,once daily,14 days,for 10 days,none
P0343,Rahul Krishnan 18,46,Female,2025-12-20,Urology,"Patient reports burning urination, urinary frequency and lower abdominal discomfort for 3 days. Findings were consistent with urinary tract infection. Nitrofurantoin 100 mg was prescribed twice daily for 7 days. Mild nausea was recorded as an adverse drug reaction.",Urinary Tract Infection,"burning urination, urinary frequency, lower abdominal discomfort",Nitrofurantoin,100 mg,twice daily,7 days,for 3 days,mild nausea
P0344,Meena Lakshmi 18,39,Female,2026-04-12,Hematology,"Patient reports fatigue, weakness and pale skin for 2 months. Laboratory findings confirmed iron deficiency anemia. Ferrous Sulfate 325 mg was prescribed once daily for 60 days. Constipation was recorded as an adverse drug reaction.",Iron Deficiency Anemia,"fatigue, weakness, pale skin",Ferrous Sulfate,325 mg,once daily,60 days,for 2 months,constipation
P0345,Santhosh Reddy 18,77,Female,2025-07-13,Endocrinology,"Patient complains of fatigue, weight gain and cold intolerance for 6 months. Thyroid testing confirmed hypothyroidism. Levothyroxine 50 mcg was prescribed once daily for 90 days. No adverse drug reaction reported.",Hypothyroidism,"fatigue, weight gain, cold intolerance",Levothyroxine,50 mcg,once daily,90 days,for 6 months,none
P0346,Kavya Nair 18,62,Male,2026-08-09,Orthopedics,"Follow-up visit. Patient reports knee pain, stiffness and difficulty walking for 3 months. Assessment confirmed osteoarthritis. Paracetamol 650 mg was prescribed three times daily for 10 days. No adverse drug reaction was reported.",Osteoarthritis,"knee pain, stiffness, difficulty walking",Paracetamol,650 mg,three times daily,10 days,for 3 months,none
P0347,Vignesh Iyer 18,42,Male,2026-02-25,ENT,"Patient presents with sneezing, runny nose and itchy eyes for 5 days. Findings were consistent with allergic rhinitis. Cetirizine 10 mg was prescribed once nightly for 10 days. Mild drowsiness was reported as an adverse drug reaction.",Allergic Rhinitis,"sneezing, runny nose, itchy eyes",Cetirizine,10 mg,once nightly,10 days,for 5 days,mild drowsiness
P0348,Divya Menon 18,20,Female,2026-04-30,General Medicine,"Patient reports cough, sore throat and mild fever for 1 week. Assessment indicated acute bronchitis. Dextromethorphan 10 mg was prescribed three times daily for 5 days. No adverse drug reaction reported.",Acute Bronchitis,"cough, sore throat, mild fever",Dextromethorphan,10 mg,three times daily,5 days,for 1 week,none
P0349,Karthik Rao 18,63,Female,2026-01-31,Gastroenterology,"Patient has burning stomach pain, nausea and bloating for 3 weeks. Evaluation suggested peptic ulcer disease. Omeprazole 20 mg was prescribed twice daily for 28 days. Headache was documented as an adverse drug reaction.",Peptic Ulcer Disease,"burning stomach pain, nausea, bloating",Omeprazole,20 mg,twice daily,28 days,for 3 weeks,headache
P0350,Ananya Patel 18,60,Male,2026-05-23,Cardiology,Recent health screening showed elevated cholesterol consistent with hyperlipidemia. Atorvastatin 20 mg was prescribed once nightly for 90 days. Mild muscle pain was recorded as an adverse drug reaction.,Hyperlipidemia,elevated cholesterol,Atorvastatin,20 mg,once nightly,90 days,during recent health screening,mild muscle pain
P0351,Suresh Pillai 18,20,Male,2026-05-30,ENT,"Follow-up visit. Patient presents with facial pain, nasal congestion and headache for 6 days. Findings indicated acute sinusitis. Amoxicillin 500 mg was prescribed three times daily for 7 days. Mild diarrhea was recorded as an adverse drug reaction.",Acute Sinusitis,"facial pain, nasal congestion, headache",Amoxicillin,500 mg,three times daily,7 days,for 6 days,mild diarrhea
P0352,Nandhini Gupta 18,55,Female,2025-04-13,Dermatology,"Patient reports itching, redness and dry skin for 1 week. Examination was consistent with dermatitis. Hydrocortisone cream 1% was advised twice daily for 7 days. No adverse drug reaction was noted.",Dermatitis,"itching, redness, dry skin",Hydrocortisone cream,1%,twice daily,7 days,for 1 week,none
P0353,Ravi Varma 18,73,Female,2025-04-13,Rheumatology,"Patient has joint pain, morning stiffness and swollen fingers for 4 months. Assessment confirmed rheumatoid arthritis. Methotrexate 15 mg was prescribed once weekly for 8 weeks. Mild mouth ulcers were reported as an adverse drug reaction.",Rheumatoid Arthritis,"joint pain, morning stiffness, swollen fingers",Methotrexate,15 mg,once weekly,8 weeks,for 4 months,mild mouth ulcers
P0354,Keerthana Shah 18,51,Female,2025-01-16,Psychiatry,"Patient reports low mood, poor sleep and loss of interest for 2 months. Assessment indicated depression. Sertraline 50 mg was prescribed once daily for 30 days. Mild nausea was documented as an adverse drug reaction.",Depression,"low mood, poor sleep, loss of interest",Sertraline,50 mg,once daily,30 days,for 2 months,mild nausea
P0355,Ajay Singh 18,64,Male,2026-02-24,Gastroenterology,"Patient complains of heartburn, sour taste and chest discomfort for 2 weeks. Assessment was consistent with acid reflux. Famotidine 20 mg was prescribed twice daily for 14 days. No adverse drug reaction reported.",Acid Reflux,"heartburn, sour taste, chest discomfort",Famotidine,20 mg,twice daily,14 days,for 2 weeks,none
P0356,Swetha Bose 18,73,Male,2025-03-18,General Medicine,"Follow-up visit. Patient developed fever, body ache and headache since 2 days. Assessment suggested viral fever. Paracetamol 500 mg was advised every 6 hours as needed for 5 days. No adverse drug reaction reported.",Viral Fever,"fever, body ache, headache",Paracetamol,500 mg,every 6 hours as needed,5 days,since 2 days,none
P0357,Pradeep Chandran 18,48,Female,2025-12-13,Dermatology,"Patient presents with facial pimples, oily skin and redness for 3 months. Assessment confirmed acne vulgaris. Doxycycline 100 mg was prescribed once daily for 30 days. Mild stomach upset was reported as an adverse drug reaction.",Acne Vulgaris,"facial pimples, oily skin, redness",Doxycycline,100 mg,once daily,30 days,for 3 months,mild stomach upset
P0358,Harini Prakash 18,57,Female,2025-03-24,Diabetology,"Patient reports increased thirst, frequent urination and fatigue for the past 3 weeks. Diagnosed with Type 2 Diabetes Mellitus. Metformin 500 mg was prescribed twice daily for 30 days. No adverse drug reaction reported.",Type 2 Diabetes Mellitus,"increased thirst, frequent urination, fatigue",Metformin,500 mg,twice daily,30 days,for the past 3 weeks,none
P0359,Manoj Das 18,72,Female,2026-07-01,Cardiology,Patient presented with headache and dizziness for 2 weeks. Assessment confirmed hypertension. Amlodipine 5 mg was prescribed once daily for 30 days. Mild ankle swelling was reported as an adverse drug reaction.,Hypertension,"headache, dizziness",Amlodipine,5 mg,once daily,30 days,for 2 weeks,mild ankle swelling
P0360,Deepa Mohan 18,42,Female,2026-05-15,Pulmonology,"Patient has wheezing, shortness of breath and chest tightness since yesterday. Assessment was consistent with bronchial asthma. Salbutamol inhaler 100 mcg was advised as needed for 14 days. No adverse reaction was noted.",Bronchial Asthma,"wheezing, shortness of breath, chest tightness",Salbutamol inhaler,100 mcg,as needed,14 days,since yesterday,none
P0361,Arun Kumar 19,73,Male,2026-09-25,General Medicine,"Follow-up visit. Patient reports fever, productive cough and chest pain for 4 days. Imaging suggested community acquired pneumonia. Azithromycin 500 mg was prescribed once daily for 5 days. Mild nausea was reported as an adverse drug reaction.",Community Acquired Pneumonia,"fever, productive cough, chest pain",Azithromycin,500 mg,once daily,5 days,for 4 days,mild nausea
P0362,Priya Sharma 19,22,Male,2025-10-22,Neurology,"Patient complains of severe headache, nausea and sensitivity to light for 1 month. Assessment indicates migraine. Sumatriptan 50 mg was prescribed as needed for 7 days. No adverse drug reaction reported.",Migraine,"severe headache, nausea, sensitivity to light",Sumatriptan,50 mg,as needed,7 days,for 1 month,none
P0363,Rahul Krishnan 19,32,Male,2026-03-21,Gastroenterology,"Patient has upper abdominal pain, heartburn and nausea for 10 days. Evaluation suggested gastritis. Pantoprazole 40 mg was prescribed once daily for 14 days. No adverse drug reaction reported.",Gastritis,"upper abdominal pain, heartburn, nausea",Pantoprazole,40 mg,once daily,14 days,for 10 days,none
P0364,Meena Lakshmi 19,24,Male,2026-03-31,Urology,"Patient reports burning urination, urinary frequency and lower abdominal discomfort for 3 days. Findings were consistent with urinary tract infection. Nitrofurantoin 100 mg was prescribed twice daily for 7 days. Mild nausea was recorded as an adverse drug reaction.",Urinary Tract Infection,"burning urination, urinary frequency, lower abdominal discomfort",Nitrofurantoin,100 mg,twice daily,7 days,for 3 days,mild nausea
P0365,Santhosh Reddy 19,28,Female,2025-01-30,Hematology,"Patient reports fatigue, weakness and pale skin for 2 months. Laboratory findings confirmed iron deficiency anemia. Ferrous Sulfate 325 mg was prescribed once daily for 60 days. Constipation was recorded as an adverse drug reaction.",Iron Deficiency Anemia,"fatigue, weakness, pale skin",Ferrous Sulfate,325 mg,once daily,60 days,for 2 months,constipation
P0366,Kavya Nair 19,20,Female,2025-02-27,Endocrinology,"Follow-up visit. Patient complains of fatigue, weight gain and cold intolerance for 6 months. Thyroid testing confirmed hypothyroidism. Levothyroxine 50 mcg was prescribed once daily for 90 days. No adverse drug reaction reported.",Hypothyroidism,"fatigue, weight gain, cold intolerance",Levothyroxine,50 mcg,once daily,90 days,for 6 months,none
P0367,Vignesh Iyer 19,36,Female,2026-01-19,Orthopedics,"Patient reports knee pain, stiffness and difficulty walking for 3 months. Assessment confirmed osteoarthritis. Paracetamol 650 mg was prescribed three times daily for 10 days. No adverse drug reaction was reported.",Osteoarthritis,"knee pain, stiffness, difficulty walking",Paracetamol,650 mg,three times daily,10 days,for 3 months,none
P0368,Divya Menon 19,45,Male,2025-09-08,ENT,"Patient presents with sneezing, runny nose and itchy eyes for 5 days. Findings were consistent with allergic rhinitis. Cetirizine 10 mg was prescribed once nightly for 10 days. Mild drowsiness was reported as an adverse drug reaction.",Allergic Rhinitis,"sneezing, runny nose, itchy eyes",Cetirizine,10 mg,once nightly,10 days,for 5 days,mild drowsiness
P0369,Karthik Rao 19,51,Female,2026-08-03,General Medicine,"Patient reports cough, sore throat and mild fever for 1 week. Assessment indicated acute bronchitis. Dextromethorphan 10 mg was prescribed three times daily for 5 days. No adverse drug reaction reported.",Acute Bronchitis,"cough, sore throat, mild fever",Dextromethorphan,10 mg,three times daily,5 days,for 1 week,none
P0370,Ananya Patel 19,61,Male,2025-06-24,Gastroenterology,"Patient has burning stomach pain, nausea and bloating for 3 weeks. Evaluation suggested peptic ulcer disease. Omeprazole 20 mg was prescribed twice daily for 28 days. Headache was documented as an adverse drug reaction.",Peptic Ulcer Disease,"burning stomach pain, nausea, bloating",Omeprazole,20 mg,twice daily,28 days,for 3 weeks,headache
P0371,Suresh Pillai 19,29,Male,2026-09-17,Cardiology,Follow-up visit. Recent health screening showed elevated cholesterol consistent with hyperlipidemia. Atorvastatin 20 mg was prescribed once nightly for 90 days. Mild muscle pain was recorded as an adverse drug reaction.,Hyperlipidemia,elevated cholesterol,Atorvastatin,20 mg,once nightly,90 days,during recent health screening,mild muscle pain
P0372,Nandhini Gupta 19,73,Female,2026-09-27,ENT,"Patient presents with facial pain, nasal congestion and headache for 6 days. Findings indicated acute sinusitis. Amoxicillin 500 mg was prescribed three times daily for 7 days. Mild diarrhea was recorded as an adverse drug reaction.",Acute Sinusitis,"facial pain, nasal congestion, headache",Amoxicillin,500 mg,three times daily,7 days,for 6 days,mild diarrhea
P0373,Ravi Varma 19,61,Male,2026-05-25,Dermatology,"Patient reports itching, redness and dry skin for 1 week. Examination was consistent with dermatitis. Hydrocortisone cream 1% was advised twice daily for 7 days. No adverse drug reaction was noted.",Dermatitis,"itching, redness, dry skin",Hydrocortisone cream,1%,twice daily,7 days,for 1 week,none
P0374,Keerthana Shah 19,76,Male,2025-08-26,Rheumatology,"Patient has joint pain, morning stiffness and swollen fingers for 4 months. Assessment confirmed rheumatoid arthritis. Methotrexate 15 mg was prescribed once weekly for 8 weeks. Mild mouth ulcers were reported as an adverse drug reaction.",Rheumatoid Arthritis,"joint pain, morning stiffness, swollen fingers",Methotrexate,15 mg,once weekly,8 weeks,for 4 months,mild mouth ulcers
P0375,Ajay Singh 19,47,Female,2026-04-16,Psychiatry,"Patient reports low mood, poor sleep and loss of interest for 2 months. Assessment indicated depression. Sertraline 50 mg was prescribed once daily for 30 days. Mild nausea was documented as an adverse drug reaction.",Depression,"low mood, poor sleep, loss of interest",Sertraline,50 mg,once daily,30 days,for 2 months,mild nausea
P0376,Swetha Bose 19,34,Male,2026-04-22,Gastroenterology,"Follow-up visit. Patient complains of heartburn, sour taste and chest discomfort for 2 weeks. Assessment was consistent with acid reflux. Famotidine 20 mg was prescribed twice daily for 14 days. No adverse drug reaction reported.",Acid Reflux,"heartburn, sour taste, chest discomfort",Famotidine,20 mg,twice daily,14 days,for 2 weeks,none
P0377,Pradeep Chandran 19,75,Female,2026-07-14,General Medicine,"Patient developed fever, body ache and headache since 2 days. Assessment suggested viral fever. Paracetamol 500 mg was advised every 6 hours as needed for 5 days. No adverse drug reaction reported.",Viral Fever,"fever, body ache, headache",Paracetamol,500 mg,every 6 hours as needed,5 days,since 2 days,none
P0378,Harini Prakash 19,28,Male,2026-03-29,Dermatology,"Patient presents with facial pimples, oily skin and redness for 3 months. Assessment confirmed acne vulgaris. Doxycycline 100 mg was prescribed once daily for 30 days. Mild stomach upset was reported as an adverse drug reaction.",Acne Vulgaris,"facial pimples, oily skin, redness",Doxycycline,100 mg,once daily,30 days,for 3 months,mild stomach upset
P0379,Manoj Das 19,78,Female,2026-08-25,Diabetology,"Patient reports increased thirst, frequent urination and fatigue for the past 3 weeks. Diagnosed with Type 2 Diabetes Mellitus. Metformin 500 mg was prescribed twice daily for 30 days. No adverse drug reaction reported.",Type 2 Diabetes Mellitus,"increased thirst, frequent urination, fatigue",Metformin,500 mg,twice daily,30 days,for the past 3 weeks,none
P0380,Deepa Mohan 19,37,Female,2025-09-14,Cardiology,Patient presented with headache and dizziness for 2 weeks. Assessment confirmed hypertension. Amlodipine 5 mg was prescribed once daily for 30 days. Mild ankle swelling was reported as an adverse drug reaction.,Hypertension,"headache, dizziness",Amlodipine,5 mg,once daily,30 days,for 2 weeks,mild ankle swelling
P0381,Arun Kumar 20,47,Female,2025-07-23,Pulmonology,"Follow-up visit. Patient has wheezing, shortness of breath and chest tightness since yesterday. Assessment was consistent with bronchial asthma. Salbutamol inhaler 100 mcg was advised as needed for 14 days. No adverse reaction was noted.",Bronchial Asthma,"wheezing, shortness of breath, chest tightness",Salbutamol inhaler,100 mcg,as needed,14 days,since yesterday,none
P0382,Priya Sharma 20,42,Female,2025-04-20,General Medicine,"Patient reports fever, productive cough and chest pain for 4 days. Imaging suggested community acquired pneumonia. Azithromycin 500 mg was prescribed once daily for 5 days. Mild nausea was reported as an adverse drug reaction.",Community Acquired Pneumonia,"fever, productive cough, chest pain",Azithromycin,500 mg,once daily,5 days,for 4 days,mild nausea
P0383,Rahul Krishnan 20,33,Female,2026-08-09,Neurology,"Patient complains of severe headache, nausea and sensitivity to light for 1 month. Assessment indicates migraine. Sumatriptan 50 mg was prescribed as needed for 7 days. No adverse drug reaction reported.",Migraine,"severe headache, nausea, sensitivity to light",Sumatriptan,50 mg,as needed,7 days,for 1 month,none
P0384,Meena Lakshmi 20,40,Female,2025-10-30,Gastroenterology,"Patient has upper abdominal pain, heartburn and nausea for 10 days. Evaluation suggested gastritis. Pantoprazole 40 mg was prescribed once daily for 14 days. No adverse drug reaction reported.",Gastritis,"upper abdominal pain, heartburn, nausea",Pantoprazole,40 mg,once daily,14 days,for 10 days,none
P0385,Santhosh Reddy 20,19,Female,2025-10-09,Urology,"Patient reports burning urination, urinary frequency and lower abdominal discomfort for 3 days. Findings were consistent with urinary tract infection. Nitrofurantoin 100 mg was prescribed twice daily for 7 days. Mild nausea was recorded as an adverse drug reaction.",Urinary Tract Infection,"burning urination, urinary frequency, lower abdominal discomfort",Nitrofurantoin,100 mg,twice daily,7 days,for 3 days,mild nausea
P0386,Kavya Nair 20,18,Male,2026-09-13,Hematology,"Follow-up visit. Patient reports fatigue, weakness and pale skin for 2 months. Laboratory findings confirmed iron deficiency anemia. Ferrous Sulfate 325 mg was prescribed once daily for 60 days. Constipation was recorded as an adverse drug reaction.",Iron Deficiency Anemia,"fatigue, weakness, pale skin",Ferrous Sulfate,325 mg,once daily,60 days,for 2 months,constipation
P0387,Vignesh Iyer 20,65,Female,2025-10-21,Endocrinology,"Patient complains of fatigue, weight gain and cold intolerance for 6 months. Thyroid testing confirmed hypothyroidism. Levothyroxine 50 mcg was prescribed once daily for 90 days. No adverse drug reaction reported.",Hypothyroidism,"fatigue, weight gain, cold intolerance",Levothyroxine,50 mcg,once daily,90 days,for 6 months,none
P0388,Divya Menon 20,67,Male,2026-09-14,Orthopedics,"Patient reports knee pain, stiffness and difficulty walking for 3 months. Assessment confirmed osteoarthritis. Paracetamol 650 mg was prescribed three times daily for 10 days. No adverse drug reaction was reported.",Osteoarthritis,"knee pain, stiffness, difficulty walking",Paracetamol,650 mg,three times daily,10 days,for 3 months,none
P0389,Karthik Rao 20,69,Female,2025-08-13,ENT,"Patient presents with sneezing, runny nose and itchy eyes for 5 days. Findings were consistent with allergic rhinitis. Cetirizine 10 mg was prescribed once nightly for 10 days. Mild drowsiness was reported as an adverse drug reaction.",Allergic Rhinitis,"sneezing, runny nose, itchy eyes",Cetirizine,10 mg,once nightly,10 days,for 5 days,mild drowsiness
P0390,Ananya Patel 20,58,Male,2026-09-28,General Medicine,"Patient reports cough, sore throat and mild fever for 1 week. Assessment indicated acute bronchitis. Dextromethorphan 10 mg was prescribed three times daily for 5 days. No adverse drug reaction reported.",Acute Bronchitis,"cough, sore throat, mild fever",Dextromethorphan,10 mg,three times daily,5 days,for 1 week,none
P0391,Suresh Pillai 20,34,Male,2025-04-10,Gastroenterology,"Follow-up visit. Patient has burning stomach pain, nausea and bloating for 3 weeks. Evaluation suggested peptic ulcer disease. Omeprazole 20 mg was prescribed twice daily for 28 days. Headache was documented as an adverse drug reaction.",Peptic Ulcer Disease,"burning stomach pain, nausea, bloating",Omeprazole,20 mg,twice daily,28 days,for 3 weeks,headache
P0392,Nandhini Gupta 20,75,Male,2025-11-13,Cardiology,Recent health screening showed elevated cholesterol consistent with hyperlipidemia. Atorvastatin 20 mg was prescribed once nightly for 90 days. Mild muscle pain was recorded as an adverse drug reaction.,Hyperlipidemia,elevated cholesterol,Atorvastatin,20 mg,once nightly,90 days,during recent health screening,mild muscle pain
P0393,Ravi Varma 20,68,Female,2025-02-04,ENT,"Patient presents with facial pain, nasal congestion and headache for 6 days. Findings indicated acute sinusitis. Amoxicillin 500 mg was prescribed three times daily for 7 days. Mild diarrhea was recorded as an adverse drug reaction.",Acute Sinusitis,"facial pain, nasal congestion, headache",Amoxicillin,500 mg,three times daily,7 days,for 6 days,mild diarrhea
P0394,Keerthana Shah 20,55,Female,2025-05-15,Dermatology,"Patient reports itching, redness and dry skin for 1 week. Examination was consistent with dermatitis. Hydrocortisone cream 1% was advised twice daily for 7 days. No adverse drug reaction was noted.",Dermatitis,"itching, redness, dry skin",Hydrocortisone cream,1%,twice daily,7 days,for 1 week,none
P0395,Ajay Singh 20,23,Female,2025-12-01,Rheumatology,"Patient has joint pain, morning stiffness and swollen fingers for 4 months. Assessment confirmed rheumatoid arthritis. Methotrexate 15 mg was prescribed once weekly for 8 weeks. Mild mouth ulcers were reported as an adverse drug reaction.",Rheumatoid Arthritis,"joint pain, morning stiffness, swollen fingers",Methotrexate,15 mg,once weekly,8 weeks,for 4 months,mild mouth ulcers
P0396,Swetha Bose 20,65,Female,2025-06-29,Psychiatry,"Follow-up visit. Patient reports low mood, poor sleep and loss of interest for 2 months. Assessment indicated depression. Sertraline 50 mg was prescribed once daily for 30 days. Mild nausea was documented as an adverse drug reaction.",Depression,"low mood, poor sleep, loss of interest",Sertraline,50 mg,once daily,30 days,for 2 months,mild nausea
P0397,Pradeep Chandran 20,30,Male,2026-07-07,Gastroenterology,"Patient complains of heartburn, sour taste and chest discomfort for 2 weeks. Assessment was consistent with acid reflux. Famotidine 20 mg was prescribed twice daily for 14 days. No adverse drug reaction reported.",Acid Reflux,"heartburn, sour taste, chest discomfort",Famotidine,20 mg,twice daily,14 days,for 2 weeks,none
P0398,Harini Prakash 20,74,Female,2026-06-28,General Medicine,"Patient developed fever, body ache and headache since 2 days. Assessment suggested viral fever. Paracetamol 500 mg was advised every 6 hours as needed for 5 days. No adverse drug reaction reported.",Viral Fever,"fever, body ache, headache",Paracetamol,500 mg,every 6 hours as needed,5 days,since 2 days,none
P0399,Manoj Das 20,50,Female,2025-06-18,Dermatology,"Patient presents with facial pimples, oily skin and redness for 3 months. Assessment confirmed acne vulgaris. Doxycycline 100 mg was prescribed once daily for 30 days. Mild stomach upset was reported as an adverse drug reaction.",Acne Vulgaris,"facial pimples, oily skin, redness",Doxycycline,100 mg,once daily,30 days,for 3 months,mild stomach upset
P0400,Deepa Mohan 20,34,Female,2025-10-30,Diabetology,"Patient reports increased thirst, frequent urination and fatigue for the past 3 weeks. Diagnosed with Type 2 Diabetes Mellitus. Metformin 500 mg was prescribed twice daily for 30 days. No adverse drug reaction reported.",Type 2 Diabetes Mellitus,"increased thirst, frequent urination, fatigue",Metformin,500 mg,twice daily,30 days,for the past 3 weeks,none
P0401,Arun Kumar 21,65,Female,2025-04-28,Cardiology,Follow-up visit. Patient presented with headache and dizziness for 2 weeks. Assessment confirmed hypertension. Amlodipine 5 mg was prescribed once daily for 30 days. Mild ankle swelling was reported as an adverse drug reaction.,Hypertension,"headache, dizziness",Amlodipine,5 mg,once daily,30 days,for 2 weeks,mild ankle swelling
P0402,Priya Sharma 21,47,Male,2025-05-25,Pulmonology,"Patient has wheezing, shortness of breath and chest tightness since yesterday. Assessment was consistent with bronchial asthma. Salbutamol inhaler 100 mcg was advised as needed for 14 days. No adverse reaction was noted.",Bronchial Asthma,"wheezing, shortness of breath, chest tightness",Salbutamol inhaler,100 mcg,as needed,14 days,since yesterday,none
P0403,Rahul Krishnan 21,66,Male,2026-02-11,General Medicine,"Patient reports fever, productive cough and chest pain for 4 days. Imaging suggested community acquired pneumonia. Azithromycin 500 mg was prescribed once daily for 5 days. Mild nausea was reported as an adverse drug reaction.",Community Acquired Pneumonia,"fever, productive cough, chest pain",Azithromycin,500 mg,once daily,5 days,for 4 days,mild nausea
P0404,Meena Lakshmi 21,72,Female,2025-04-03,Neurology,"Patient complains of severe headache, nausea and sensitivity to light for 1 month. Assessment indicates migraine. Sumatriptan 50 mg was prescribed as needed for 7 days. No adverse drug reaction reported.",Migraine,"severe headache, nausea, sensitivity to light",Sumatriptan,50 mg,as needed,7 days,for 1 month,none
P0405,Santhosh Reddy 21,68,Female,2025-01-15,Gastroenterology,"Patient has upper abdominal pain, heartburn and nausea for 10 days. Evaluation suggested gastritis. Pantoprazole 40 mg was prescribed once daily for 14 days. No adverse drug reaction reported.",Gastritis,"upper abdominal pain, heartburn, nausea",Pantoprazole,40 mg,once daily,14 days,for 10 days,none
P0406,Kavya Nair 21,34,Male,2026-04-11,Urology,"Follow-up visit. Patient reports burning urination, urinary frequency and lower abdominal discomfort for 3 days. Findings were consistent with urinary tract infection. Nitrofurantoin 100 mg was prescribed twice daily for 7 days. Mild nausea was recorded as an adverse drug reaction.",Urinary Tract Infection,"burning urination, urinary frequency, lower abdominal discomfort",Nitrofurantoin,100 mg,twice daily,7 days,for 3 days,mild nausea
P0407,Vignesh Iyer 21,41,Female,2026-08-22,Hematology,"Patient reports fatigue, weakness and pale skin for 2 months. Laboratory findings confirmed iron deficiency anemia. Ferrous Sulfate 325 mg was prescribed once daily for 60 days. Constipation was recorded as an adverse drug reaction.",Iron Deficiency Anemia,"fatigue, weakness, pale skin",Ferrous Sulfate,325 mg,once daily,60 days,for 2 months,constipation
P0408,Divya Menon 21,42,Female,2025-04-21,Endocrinology,"Patient complains of fatigue, weight gain and cold intolerance for 6 months. Thyroid testing confirmed hypothyroidism. Levothyroxine 50 mcg was prescribed once daily for 90 days. No adverse drug reaction reported.",Hypothyroidism,"fatigue, weight gain, cold intolerance",Levothyroxine,50 mcg,once daily,90 days,for 6 months,none
P0409,Karthik Rao 21,61,Male,2026-04-28,Orthopedics,"Patient reports knee pain, stiffness and difficulty walking for 3 months. Assessment confirmed osteoarthritis. Paracetamol 650 mg was prescribed three times daily for 10 days. No adverse drug reaction was reported.",Osteoarthritis,"knee pain, stiffness, difficulty walking",Paracetamol,650 mg,three times daily,10 days,for 3 months,none
P0410,Ananya Patel 21,19,Female,2026-09-17,ENT,"Patient presents with sneezing, runny nose and itchy eyes for 5 days. Findings were consistent with allergic rhinitis. Cetirizine 10 mg was prescribed once nightly for 10 days. Mild drowsiness was reported as an adverse drug reaction.",Allergic Rhinitis,"sneezing, runny nose, itchy eyes",Cetirizine,10 mg,once nightly,10 days,for 5 days,mild drowsiness
P0411,Suresh Pillai 21,32,Male,2026-04-21,General Medicine,"Follow-up visit. Patient reports cough, sore throat and mild fever for 1 week. Assessment indicated acute bronchitis. Dextromethorphan 10 mg was prescribed three times daily for 5 days. No adverse drug reaction reported.",Acute Bronchitis,"cough, sore throat, mild fever",Dextromethorphan,10 mg,three times daily,5 days,for 1 week,none
P0412,Nandhini Gupta 21,76,Female,2026-02-23,Gastroenterology,"Patient has burning stomach pain, nausea and bloating for 3 weeks. Evaluation suggested peptic ulcer disease. Omeprazole 20 mg was prescribed twice daily for 28 days. Headache was documented as an adverse drug reaction.",Peptic Ulcer Disease,"burning stomach pain, nausea, bloating",Omeprazole,20 mg,twice daily,28 days,for 3 weeks,headache
P0413,Ravi Varma 21,25,Male,2025-02-16,Cardiology,Recent health screening showed elevated cholesterol consistent with hyperlipidemia. Atorvastatin 20 mg was prescribed once nightly for 90 days. Mild muscle pain was recorded as an adverse drug reaction.,Hyperlipidemia,elevated cholesterol,Atorvastatin,20 mg,once nightly,90 days,during recent health screening,mild muscle pain
P0414,Keerthana Shah 21,78,Male,2025-11-08,ENT,"Patient presents with facial pain, nasal congestion and headache for 6 days. Findings indicated acute sinusitis. Amoxicillin 500 mg was prescribed three times daily for 7 days. Mild diarrhea was recorded as an adverse drug reaction.",Acute Sinusitis,"facial pain, nasal congestion, headache",Amoxicillin,500 mg,three times daily,7 days,for 6 days,mild diarrhea
P0415,Ajay Singh 21,49,Male,2025-04-10,Dermatology,"Patient reports itching, redness and dry skin for 1 week. Examination was consistent with dermatitis. Hydrocortisone cream 1% was advised twice daily for 7 days. No adverse drug reaction was noted.",Dermatitis,"itching, redness, dry skin",Hydrocortisone cream,1%,twice daily,7 days,for 1 week,none
P0416,Swetha Bose 21,33,Male,2026-02-02,Rheumatology,"Follow-up visit. Patient has joint pain, morning stiffness and swollen fingers for 4 months. Assessment confirmed rheumatoid arthritis. Methotrexate 15 mg was prescribed once weekly for 8 weeks. Mild mouth ulcers were reported as an adverse drug reaction.",Rheumatoid Arthritis,"joint pain, morning stiffness, swollen fingers",Methotrexate,15 mg,once weekly,8 weeks,for 4 months,mild mouth ulcers
P0417,Pradeep Chandran 21,47,Female,2026-07-08,Psychiatry,"Patient reports low mood, poor sleep and loss of interest for 2 months. Assessment indicated depression. Sertraline 50 mg was prescribed once daily for 30 days. Mild nausea was documented as an adverse drug reaction.",Depression,"low mood, poor sleep, loss of interest",Sertraline,50 mg,once daily,30 days,for 2 months,mild nausea
P0418,Harini Prakash 21,44,Male,2026-03-01,Gastroenterology,"Patient complains of heartburn, sour taste and chest discomfort for 2 weeks. Assessment was consistent with acid reflux. Famotidine 20 mg was prescribed twice daily for 14 days. No adverse drug reaction reported.",Acid Reflux,"heartburn, sour taste, chest discomfort",Famotidine,20 mg,twice daily,14 days,for 2 weeks,none
P0419,Manoj Das 21,59,Male,2026-05-17,General Medicine,"Patient developed fever, body ache and headache since 2 days. Assessment suggested viral fever. Paracetamol 500 mg was advised every 6 hours as needed for 5 days. No adverse drug reaction reported.",Viral Fever,"fever, body ache, headache",Paracetamol,500 mg,every 6 hours as needed,5 days,since 2 days,none
P0420,Deepa Mohan 21,57,Female,2025-10-14,Dermatology,"Patient presents with facial pimples, oily skin and redness for 3 months. Assessment confirmed acne vulgaris. Doxycycline 100 mg was prescribed once daily for 30 days. Mild stomach upset was reported as an adverse drug reaction.",Acne Vulgaris,"facial pimples, oily skin, redness",Doxycycline,100 mg,once daily,30 days,for 3 months,mild stomach upset
P0421,Arun Kumar 22,20,Female,2025-08-11,Diabetology,"Follow-up visit. Patient reports increased thirst, frequent urination and fatigue for the past 3 weeks. Diagnosed with Type 2 Diabetes Mellitus. Metformin 500 mg was prescribed twice daily for 30 days. No adverse drug reaction reported.",Type 2 Diabetes Mellitus,"increased thirst, frequent urination, fatigue",Metformin,500 mg,twice daily,30 days,for the past 3 weeks,none
P0422,Priya Sharma 22,46,Female,2025-08-30,Cardiology,Patient presented with headache and dizziness for 2 weeks. Assessment confirmed hypertension. Amlodipine 5 mg was prescribed once daily for 30 days. Mild ankle swelling was reported as an adverse drug reaction.,Hypertension,"headache, dizziness",Amlodipine,5 mg,once daily,30 days,for 2 weeks,mild ankle swelling
P0423,Rahul Krishnan 22,72,Female,2025-04-12,Pulmonology,"Patient has wheezing, shortness of breath and chest tightness since yesterday. Assessment was consistent with bronchial asthma. Salbutamol inhaler 100 mcg was advised as needed for 14 days. No adverse reaction was noted.",Bronchial Asthma,"wheezing, shortness of breath, chest tightness",Salbutamol inhaler,100 mcg,as needed,14 days,since yesterday,none
P0424,Meena Lakshmi 22,61,Female,2026-07-12,General Medicine,"Patient reports fever, productive cough and chest pain for 4 days. Imaging suggested community acquired pneumonia. Azithromycin 500 mg was prescribed once daily for 5 days. Mild nausea was reported as an adverse drug reaction.",Community Acquired Pneumonia,"fever, productive cough, chest pain",Azithromycin,500 mg,once daily,5 days,for 4 days,mild nausea
P0425,Santhosh Reddy 22,75,Female,2025-03-04,Neurology,"Patient complains of severe headache, nausea and sensitivity to light for 1 month. Assessment indicates migraine. Sumatriptan 50 mg was prescribed as needed for 7 days. No adverse drug reaction reported.",Migraine,"severe headache, nausea, sensitivity to light",Sumatriptan,50 mg,as needed,7 days,for 1 month,none
P0426,Kavya Nair 22,43,Female,2025-07-14,Gastroenterology,"Follow-up visit. Patient has upper abdominal pain, heartburn and nausea for 10 days. Evaluation suggested gastritis. Pantoprazole 40 mg was prescribed once daily for 14 days. No adverse drug reaction reported.",Gastritis,"upper abdominal pain, heartburn, nausea",Pantoprazole,40 mg,once daily,14 days,for 10 days,none
P0427,Vignesh Iyer 22,25,Female,2025-04-04,Urology,"Patient reports burning urination, urinary frequency and lower abdominal discomfort for 3 days. Findings were consistent with urinary tract infection. Nitrofurantoin 100 mg was prescribed twice daily for 7 days. Mild nausea was recorded as an adverse drug reaction.",Urinary Tract Infection,"burning urination, urinary frequency, lower abdominal discomfort",Nitrofurantoin,100 mg,twice daily,7 days,for 3 days,mild nausea
P0428,Divya Menon 22,60,Male,2026-09-04,Hematology,"Patient reports fatigue, weakness and pale skin for 2 months. Laboratory findings confirmed iron deficiency anemia. Ferrous Sulfate 325 mg was prescribed once daily for 60 days. Constipation was recorded as an adverse drug reaction.",Iron Deficiency Anemia,"fatigue, weakness, pale skin",Ferrous Sulfate,325 mg,once daily,60 days,for 2 months,constipation
P0429,Karthik Rao 22,19,Male,2025-12-08,Endocrinology,"Patient complains of fatigue, weight gain and cold intolerance for 6 months. Thyroid testing confirmed hypothyroidism. Levothyroxine 50 mcg was prescribed once daily for 90 days. No adverse drug reaction reported.",Hypothyroidism,"fatigue, weight gain, cold intolerance",Levothyroxine,50 mcg,once daily,90 days,for 6 months,none
P0430,Ananya Patel 22,33,Male,2026-08-02,Orthopedics,"Patient reports knee pain, stiffness and difficulty walking for 3 months. Assessment confirmed osteoarthritis. Paracetamol 650 mg was prescribed three times daily for 10 days. No adverse drug reaction was reported.",Osteoarthritis,"knee pain, stiffness, difficulty walking",Paracetamol,650 mg,three times daily,10 days,for 3 months,none
P0431,Suresh Pillai 22,31,Male,2026-07-22,ENT,"Follow-up visit. Patient presents with sneezing, runny nose and itchy eyes for 5 days. Findings were consistent with allergic rhinitis. Cetirizine 10 mg was prescribed once nightly for 10 days. Mild drowsiness was reported as an adverse drug reaction.",Allergic Rhinitis,"sneezing, runny nose, itchy eyes",Cetirizine,10 mg,once nightly,10 days,for 5 days,mild drowsiness
P0432,Nandhini Gupta 22,31,Male,2025-08-27,General Medicine,"Patient reports cough, sore throat and mild fever for 1 week. Assessment indicated acute bronchitis. Dextromethorphan 10 mg was prescribed three times daily for 5 days. No adverse drug reaction reported.",Acute Bronchitis,"cough, sore throat, mild fever",Dextromethorphan,10 mg,three times daily,5 days,for 1 week,none
P0433,Ravi Varma 22,39,Male,2026-09-03,Gastroenterology,"Patient has burning stomach pain, nausea and bloating for 3 weeks. Evaluation suggested peptic ulcer disease. Omeprazole 20 mg was prescribed twice daily for 28 days. Headache was documented as an adverse drug reaction.",Peptic Ulcer Disease,"burning stomach pain, nausea, bloating",Omeprazole,20 mg,twice daily,28 days,for 3 weeks,headache
P0434,Keerthana Shah 22,18,Female,2025-05-29,Cardiology,Recent health screening showed elevated cholesterol consistent with hyperlipidemia. Atorvastatin 20 mg was prescribed once nightly for 90 days. Mild muscle pain was recorded as an adverse drug reaction.,Hyperlipidemia,elevated cholesterol,Atorvastatin,20 mg,once nightly,90 days,during recent health screening,mild muscle pain
P0435,Ajay Singh 22,26,Female,2025-06-28,ENT,"Patient presents with facial pain, nasal congestion and headache for 6 days. Findings indicated acute sinusitis. Amoxicillin 500 mg was prescribed three times daily for 7 days. Mild diarrhea was recorded as an adverse drug reaction.",Acute Sinusitis,"facial pain, nasal congestion, headache",Amoxicillin,500 mg,three times daily,7 days,for 6 days,mild diarrhea
P0436,Swetha Bose 22,25,Male,2025-05-15,Dermatology,"Follow-up visit. Patient reports itching, redness and dry skin for 1 week. Examination was consistent with dermatitis. Hydrocortisone cream 1% was advised twice daily for 7 days. No adverse drug reaction was noted.",Dermatitis,"itching, redness, dry skin",Hydrocortisone cream,1%,twice daily,7 days,for 1 week,none
P0437,Pradeep Chandran 22,18,Female,2025-09-01,Rheumatology,"Patient has joint pain, morning stiffness and swollen fingers for 4 months. Assessment confirmed rheumatoid arthritis. Methotrexate 15 mg was prescribed once weekly for 8 weeks. Mild mouth ulcers were reported as an adverse drug reaction.",Rheumatoid Arthritis,"joint pain, morning stiffness, swollen fingers",Methotrexate,15 mg,once weekly,8 weeks,for 4 months,mild mouth ulcers
P0438,Harini Prakash 22,55,Female,2025-01-17,Psychiatry,"Patient reports low mood, poor sleep and loss of interest for 2 months. Assessment indicated depression. Sertraline 50 mg was prescribed once daily for 30 days. Mild nausea was documented as an adverse drug reaction.",Depression,"low mood, poor sleep, loss of interest",Sertraline,50 mg,once daily,30 days,for 2 months,mild nausea
P0439,Manoj Das 22,29,Female,2025-02-23,Gastroenterology,"Patient complains of heartburn, sour taste and chest discomfort for 2 weeks. Assessment was consistent with acid reflux. Famotidine 20 mg was prescribed twice daily for 14 days. No adverse drug reaction reported.",Acid Reflux,"heartburn, sour taste, chest discomfort",Famotidine,20 mg,twice daily,14 days,for 2 weeks,none
P0440,Deepa Mohan 22,26,Female,2026-06-23,General Medicine,"Patient developed fever, body ache and headache since 2 days. Assessment suggested viral fever. Paracetamol 500 mg was advised every 6 hours as needed for 5 days. No adverse drug reaction reported.",Viral Fever,"fever, body ache, headache",Paracetamol,500 mg,every 6 hours as needed,5 days,since 2 days,none
P0441,Arun Kumar 23,25,Male,2026-05-03,Dermatology,"Follow-up visit. Patient presents with facial pimples, oily skin and redness for 3 months. Assessment confirmed acne vulgaris. Doxycycline 100 mg was prescribed once daily for 30 days. Mild stomach upset was reported as an adverse drug reaction.",Acne Vulgaris,"facial pimples, oily skin, redness",Doxycycline,100 mg,once daily,30 days,for 3 months,mild stomach upset
P0442,Priya Sharma 23,46,Female,2026-06-10,Diabetology,"Patient reports increased thirst, frequent urination and fatigue for the past 3 weeks. Diagnosed with Type 2 Diabetes Mellitus. Metformin 500 mg was prescribed twice daily for 30 days. No adverse drug reaction reported.",Type 2 Diabetes Mellitus,"increased thirst, frequent urination, fatigue",Metformin,500 mg,twice daily,30 days,for the past 3 weeks,none
P0443,Rahul Krishnan 23,55,Male,2026-04-08,Cardiology,Patient presented with headache and dizziness for 2 weeks. Assessment confirmed hypertension. Amlodipine 5 mg was prescribed once daily for 30 days. Mild ankle swelling was reported as an adverse drug reaction.,Hypertension,"headache, dizziness",Amlodipine,5 mg,once daily,30 days,for 2 weeks,mild ankle swelling
P0444,Meena Lakshmi 23,50,Male,2026-09-22,Pulmonology,"Patient has wheezing, shortness of breath and chest tightness since yesterday. Assessment was consistent with bronchial asthma. Salbutamol inhaler 100 mcg was advised as needed for 14 days. No adverse reaction was noted.",Bronchial Asthma,"wheezing, shortness of breath, chest tightness",Salbutamol inhaler,100 mcg,as needed,14 days,since yesterday,none
P0445,Santhosh Reddy 23,20,Female,2026-04-15,General Medicine,"Patient reports fever, productive cough and chest pain for 4 days. Imaging suggested community acquired pneumonia. Azithromycin 500 mg was prescribed once daily for 5 days. Mild nausea was reported as an adverse drug reaction.",Community Acquired Pneumonia,"fever, productive cough, chest pain",Azithromycin,500 mg,once daily,5 days,for 4 days,mild nausea
P0446,Kavya Nair 23,59,Male,2025-03-04,Neurology,"Follow-up visit. Patient complains of severe headache, nausea and sensitivity to light for 1 month. Assessment indicates migraine. Sumatriptan 50 mg was prescribed as needed for 7 days. No adverse drug reaction reported.",Migraine,"severe headache, nausea, sensitivity to light",Sumatriptan,50 mg,as needed,7 days,for 1 month,none
P0447,Vignesh Iyer 23,48,Female,2026-03-13,Gastroenterology,"Patient has upper abdominal pain, heartburn and nausea for 10 days. Evaluation suggested gastritis. Pantoprazole 40 mg was prescribed once daily for 14 days. No adverse drug reaction reported.",Gastritis,"upper abdominal pain, heartburn, nausea",Pantoprazole,40 mg,once daily,14 days,for 10 days,none
P0448,Divya Menon 23,61,Male,2026-05-18,Urology,"Patient reports burning urination, urinary frequency and lower abdominal discomfort for 3 days. Findings were consistent with urinary tract infection. Nitrofurantoin 100 mg was prescribed twice daily for 7 days. Mild nausea was recorded as an adverse drug reaction.",Urinary Tract Infection,"burning urination, urinary frequency, lower abdominal discomfort",Nitrofurantoin,100 mg,twice daily,7 days,for 3 days,mild nausea
P0449,Karthik Rao 23,63,Female,2025-03-17,Hematology,"Patient reports fatigue, weakness and pale skin for 2 months. Laboratory findings confirmed iron deficiency anemia. Ferrous Sulfate 325 mg was prescribed once daily for 60 days. Constipation was recorded as an adverse drug reaction.",Iron Deficiency Anemia,"fatigue, weakness, pale skin",Ferrous Sulfate,325 mg,once daily,60 days,for 2 months,constipation
P0450,Ananya Patel 23,75,Male,2025-11-26,Endocrinology,"Patient complains of fatigue, weight gain and cold intolerance for 6 months. Thyroid testing confirmed hypothyroidism. Levothyroxine 50 mcg was prescribed once daily for 90 days. No adverse drug reaction reported.",Hypothyroidism,"fatigue, weight gain, cold intolerance",Levothyroxine,50 mcg,once daily,90 days,for 6 months,none
P0451,Suresh Pillai 23,56,Male,2025-03-09,Orthopedics,"Follow-up visit. Patient reports knee pain, stiffness and difficulty walking for 3 months. Assessment confirmed osteoarthritis. Paracetamol 650 mg was prescribed three times daily for 10 days. No adverse drug reaction was reported.",Osteoarthritis,"knee pain, stiffness, difficulty walking",Paracetamol,650 mg,three times daily,10 days,for 3 months,none
P0452,Nandhini Gupta 23,26,Female,2026-10-02,ENT,"Patient presents with sneezing, runny nose and itchy eyes for 5 days. Findings were consistent with allergic rhinitis. Cetirizine 10 mg was prescribed once nightly for 10 days. Mild drowsiness was reported as an adverse drug reaction.",Allergic Rhinitis,"sneezing, runny nose, itchy eyes",Cetirizine,10 mg,once nightly,10 days,for 5 days,mild drowsiness
P0453,Ravi Varma 23,58,Female,2026-01-26,General Medicine,"Patient reports cough, sore throat and mild fever for 1 week. Assessment indicated acute bronchitis. Dextromethorphan 10 mg was prescribed three times daily for 5 days. No adverse drug reaction reported.",Acute Bronchitis,"cough, sore throat, mild fever",Dextromethorphan,10 mg,three times daily,5 days,for 1 week,none
P0454,Keerthana Shah 23,56,Female,2026-04-10,Gastroenterology,"Patient has burning stomach pain, nausea and bloating for 3 weeks. Evaluation suggested peptic ulcer disease. Omeprazole 20 mg was prescribed twice daily for 28 days. Headache was documented as an adverse drug reaction.",Peptic Ulcer Disease,"burning stomach pain, nausea, bloating",Omeprazole,20 mg,twice daily,28 days,for 3 weeks,headache
P0455,Ajay Singh 23,50,Female,2025-04-12,Cardiology,Recent health screening showed elevated cholesterol consistent with hyperlipidemia. Atorvastatin 20 mg was prescribed once nightly for 90 days. Mild muscle pain was recorded as an adverse drug reaction.,Hyperlipidemia,elevated cholesterol,Atorvastatin,20 mg,once nightly,90 days,during recent health screening,mild muscle pain
P0456,Swetha Bose 23,68,Male,2026-07-19,ENT,"Follow-up visit. Patient presents with facial pain, nasal congestion and headache for 6 days. Findings indicated acute sinusitis. Amoxicillin 500 mg was prescribed three times daily for 7 days. Mild diarrhea was recorded as an adverse drug reaction.",Acute Sinusitis,"facial pain, nasal congestion, headache",Amoxicillin,500 mg,three times daily,7 days,for 6 days,mild diarrhea
P0457,Pradeep Chandran 23,64,Male,2026-03-17,Dermatology,"Patient reports itching, redness and dry skin for 1 week. Examination was consistent with dermatitis. Hydrocortisone cream 1% was advised twice daily for 7 days. No adverse drug reaction was noted.",Dermatitis,"itching, redness, dry skin",Hydrocortisone cream,1%,twice daily,7 days,for 1 week,none
P0458,Harini Prakash 23,46,Male,2026-02-28,Rheumatology,"Patient has joint pain, morning stiffness and swollen fingers for 4 months. Assessment confirmed rheumatoid arthritis. Methotrexate 15 mg was prescribed once weekly for 8 weeks. Mild mouth ulcers were reported as an adverse drug reaction.",Rheumatoid Arthritis,"joint pain, morning stiffness, swollen fingers",Methotrexate,15 mg,once weekly,8 weeks,for 4 months,mild mouth ulcers
P0459,Manoj Das 23,39,Female,2026-02-13,Psychiatry,"Patient reports low mood, poor sleep and loss of interest for 2 months. Assessment indicated depression. Sertraline 50 mg was prescribed once daily for 30 days. Mild nausea was documented as an adverse drug reaction.",Depression,"low mood, poor sleep, loss of interest",Sertraline,50 mg,once daily,30 days,for 2 months,mild nausea
P0460,Deepa Mohan 23,44,Male,2025-11-17,Gastroenterology,"Patient complains of heartburn, sour taste and chest discomfort for 2 weeks. Assessment was consistent with acid reflux. Famotidine 20 mg was prescribed twice daily for 14 days. No adverse drug reaction reported.",Acid Reflux,"heartburn, sour taste, chest discomfort",Famotidine,20 mg,twice daily,14 days,for 2 weeks,none
P0461,Arun Kumar 24,45,Female,2025-09-19,General Medicine,"Follow-up visit. Patient developed fever, body ache and headache since 2 days. Assessment suggested viral fever. Paracetamol 500 mg was advised every 6 hours as needed for 5 days. No adverse drug reaction reported.",Viral Fever,"fever, body ache, headache",Paracetamol,500 mg,every 6 hours as needed,5 days,since 2 days,none
P0462,Priya Sharma 24,41,Male,2026-05-01,Dermatology,"Patient presents with facial pimples, oily skin and redness for 3 months. Assessment confirmed acne vulgaris. Doxycycline 100 mg was prescribed once daily for 30 days. Mild stomach upset was reported as an adverse drug reaction.",Acne Vulgaris,"facial pimples, oily skin, redness",Doxycycline,100 mg,once daily,30 days,for 3 months,mild stomach upset
P0463,Rahul Krishnan 24,22,Male,2025-03-29,Diabetology,"Patient reports increased thirst, frequent urination and fatigue for the past 3 weeks. Diagnosed with Type 2 Diabetes Mellitus. Metformin 500 mg was prescribed twice daily for 30 days. No adverse drug reaction reported.",Type 2 Diabetes Mellitus,"increased thirst, frequent urination, fatigue",Metformin,500 mg,twice daily,30 days,for the past 3 weeks,none
P0464,Meena Lakshmi 24,23,Female,2025-04-09,Cardiology,Patient presented with headache and dizziness for 2 weeks. Assessment confirmed hypertension. Amlodipine 5 mg was prescribed once daily for 30 days. Mild ankle swelling was reported as an adverse drug reaction.,Hypertension,"headache, dizziness",Amlodipine,5 mg,once daily,30 days,for 2 weeks,mild ankle swelling
P0465,Santhosh Reddy 24,65,Female,2025-05-14,Pulmonology,"Patient has wheezing, shortness of breath and chest tightness since yesterday. Assessment was consistent with bronchial asthma. Salbutamol inhaler 100 mcg was advised as needed for 14 days. No adverse reaction was noted.",Bronchial Asthma,"wheezing, shortness of breath, chest tightness",Salbutamol inhaler,100 mcg,as needed,14 days,since yesterday,none
P0466,Kavya Nair 24,53,Male,2026-08-24,General Medicine,"Follow-up visit. Patient reports fever, productive cough and chest pain for 4 days. Imaging suggested community acquired pneumonia. Azithromycin 500 mg was prescribed once daily for 5 days. Mild nausea was reported as an adverse drug reaction.",Community Acquired Pneumonia,"fever, productive cough, chest pain",Azithromycin,500 mg,once daily,5 days,for 4 days,mild nausea
P0467,Vignesh Iyer 24,53,Female,2025-05-06,Neurology,"Patient complains of severe headache, nausea and sensitivity to light for 1 month. Assessment indicates migraine. Sumatriptan 50 mg was prescribed as needed for 7 days. No adverse drug reaction reported.",Migraine,"severe headache, nausea, sensitivity to light",Sumatriptan,50 mg,as needed,7 days,for 1 month,none
P0468,Divya Menon 24,44,Female,2026-03-10,Gastroenterology,"Patient has upper abdominal pain, heartburn and nausea for 10 days. Evaluation suggested gastritis. Pantoprazole 40 mg was prescribed once daily for 14 days. No adverse drug reaction reported.",Gastritis,"upper abdominal pain, heartburn, nausea",Pantoprazole,40 mg,once daily,14 days,for 10 days,none
P0469,Karthik Rao 24,73,Male,2025-10-22,Urology,"Patient reports burning urination, urinary frequency and lower abdominal discomfort for 3 days. Findings were consistent with urinary tract infection. Nitrofurantoin 100 mg was prescribed twice daily for 7 days. Mild nausea was recorded as an adverse drug reaction.",Urinary Tract Infection,"burning urination, urinary frequency, lower abdominal discomfort",Nitrofurantoin,100 mg,twice daily,7 days,for 3 days,mild nausea
P0470,Ananya Patel 24,56,Female,2025-12-27,Hematology,"Patient reports fatigue, weakness and pale skin for 2 months. Laboratory findings confirmed iron deficiency anemia. Ferrous Sulfate 325 mg was prescribed once daily for 60 days. Constipation was recorded as an adverse drug reaction.",Iron Deficiency Anemia,"fatigue, weakness, pale skin",Ferrous Sulfate,325 mg,once daily,60 days,for 2 months,constipation
P0471,Suresh Pillai 24,24,Male,2025-06-08,Endocrinology,"Follow-up visit. Patient complains of fatigue, weight gain and cold intolerance for 6 months. Thyroid testing confirmed hypothyroidism. Levothyroxine 50 mcg was prescribed once daily for 90 days. No adverse drug reaction reported.",Hypothyroidism,"fatigue, weight gain, cold intolerance",Levothyroxine,50 mcg,once daily,90 days,for 6 months,none
P0472,Nandhini Gupta 24,60,Female,2025-08-18,Orthopedics,"Patient reports knee pain, stiffness and difficulty walking for 3 months. Assessment confirmed osteoarthritis. Paracetamol 650 mg was prescribed three times daily for 10 days. No adverse drug reaction was reported.",Osteoarthritis,"knee pain, stiffness, difficulty walking",Paracetamol,650 mg,three times daily,10 days,for 3 months,none
P0473,Ravi Varma 24,72,Male,2025-12-25,ENT,"Patient presents with sneezing, runny nose and itchy eyes for 5 days. Findings were consistent with allergic rhinitis. Cetirizine 10 mg was prescribed once nightly for 10 days. Mild drowsiness was reported as an adverse drug reaction.",Allergic Rhinitis,"sneezing, runny nose, itchy eyes",Cetirizine,10 mg,once nightly,10 days,for 5 days,mild drowsiness
P0474,Keerthana Shah 24,72,Female,2025-04-28,General Medicine,"Patient reports cough, sore throat and mild fever for 1 week. Assessment indicated acute bronchitis. Dextromethorphan 10 mg was prescribed three times daily for 5 days. No adverse drug reaction reported.",Acute Bronchitis,"cough, sore throat, mild fever",Dextromethorphan,10 mg,three times daily,5 days,for 1 week,none
P0475,Ajay Singh 24,66,Female,2026-08-11,Gastroenterology,"Patient has burning stomach pain, nausea and bloating for 3 weeks. Evaluation suggested peptic ulcer disease. Omeprazole 20 mg was prescribed twice daily for 28 days. Headache was documented as an adverse drug reaction.",Peptic Ulcer Disease,"burning stomach pain, nausea, bloating",Omeprazole,20 mg,twice daily,28 days,for 3 weeks,headache
P0476,Swetha Bose 24,32,Female,2026-07-29,Cardiology,Follow-up visit. Recent health screening showed elevated cholesterol consistent with hyperlipidemia. Atorvastatin 20 mg was prescribed once nightly for 90 days. Mild muscle pain was recorded as an adverse drug reaction.,Hyperlipidemia,elevated cholesterol,Atorvastatin,20 mg,once nightly,90 days,during recent health screening,mild muscle pain
P0477,Pradeep Chandran 24,67,Male,2026-09-16,ENT,"Patient presents with facial pain, nasal congestion and headache for 6 days. Findings indicated acute sinusitis. Amoxicillin 500 mg was prescribed three times daily for 7 days. Mild diarrhea was recorded as an adverse drug reaction.",Acute Sinusitis,"facial pain, nasal congestion, headache",Amoxicillin,500 mg,three times daily,7 days,for 6 days,mild diarrhea
P0478,Harini Prakash 24,77,Female,2025-01-30,Dermatology,"Patient reports itching, redness and dry skin for 1 week. Examination was consistent with dermatitis. Hydrocortisone cream 1% was advised twice daily for 7 days. No adverse drug reaction was noted.",Dermatitis,"itching, redness, dry skin",Hydrocortisone cream,1%,twice daily,7 days,for 1 week,none
P0479,Manoj Das 24,29,Female,2025-11-13,Rheumatology,"Patient has joint pain, morning stiffness and swollen fingers for 4 months. Assessment confirmed rheumatoid arthritis. Methotrexate 15 mg was prescribed once weekly for 8 weeks. Mild mouth ulcers were reported as an adverse drug reaction.",Rheumatoid Arthritis,"joint pain, morning stiffness, swollen fingers",Methotrexate,15 mg,once weekly,8 weeks,for 4 months,mild mouth ulcers
P0480,Deepa Mohan 24,76,Female,2025-12-26,Psychiatry,"Patient reports low mood, poor sleep and loss of interest for 2 months. Assessment indicated depression. Sertraline 50 mg was prescribed once daily for 30 days. Mild nausea was documented as an adverse drug reaction.",Depression,"low mood, poor sleep, loss of interest",Sertraline,50 mg,once daily,30 days,for 2 months,mild nausea
P0481,Arun Kumar 25,18,Male,2025-05-27,Gastroenterology,"Follow-up visit. Patient complains of heartburn, sour taste and chest discomfort for 2 weeks. Assessment was consistent with acid reflux. Famotidine 20 mg was prescribed twice daily for 14 days. No adverse drug reaction reported.",Acid Reflux,"heartburn, sour taste, chest discomfort",Famotidine,20 mg,twice daily,14 days,for 2 weeks,none
P0482,Priya Sharma 25,54,Female,2025-03-13,General Medicine,"Patient developed fever, body ache and headache since 2 days. Assessment suggested viral fever. Paracetamol 500 mg was advised every 6 hours as needed for 5 days. No adverse drug reaction reported.",Viral Fever,"fever, body ache, headache",Paracetamol,500 mg,every 6 hours as needed,5 days,since 2 days,none
P0483,Rahul Krishnan 25,27,Male,2025-04-04,Dermatology,"Patient presents with facial pimples, oily skin and redness for 3 months. Assessment confirmed acne vulgaris. Doxycycline 100 mg was prescribed once daily for 30 days. Mild stomach upset was reported as an adverse drug reaction.",Acne Vulgaris,"facial pimples, oily skin, redness",Doxycycline,100 mg,once daily,30 days,for 3 months,mild stomach upset
P0484,Meena Lakshmi 25,65,Male,2026-01-21,Diabetology,"Patient reports increased thirst, frequent urination and fatigue for the past 3 weeks. Diagnosed with Type 2 Diabetes Mellitus. Metformin 500 mg was prescribed twice daily for 30 days. No adverse drug reaction reported.",Type 2 Diabetes Mellitus,"increased thirst, frequent urination, fatigue",Metformin,500 mg,twice daily,30 days,for the past 3 weeks,none
P0485,Santhosh Reddy 25,44,Female,2025-12-16,Cardiology,Patient presented with headache and dizziness for 2 weeks. Assessment confirmed hypertension. Amlodipine 5 mg was prescribed once daily for 30 days. Mild ankle swelling was reported as an adverse drug reaction.,Hypertension,"headache, dizziness",Amlodipine,5 mg,once daily,30 days,for 2 weeks,mild ankle swelling
P0486,Kavya Nair 25,28,Female,2025-11-16,Pulmonology,"Follow-up visit. Patient has wheezing, shortness of breath and chest tightness since yesterday. Assessment was consistent with bronchial asthma. Salbutamol inhaler 100 mcg was advised as needed for 14 days. No adverse reaction was noted.",Bronchial Asthma,"wheezing, shortness of breath, chest tightness",Salbutamol inhaler,100 mcg,as needed,14 days,since yesterday,none
P0487,Vignesh Iyer 25,64,Female,2026-08-05,General Medicine,"Patient reports fever, productive cough and chest pain for 4 days. Imaging suggested community acquired pneumonia. Azithromycin 500 mg was prescribed once daily for 5 days. Mild nausea was reported as an adverse drug reaction.",Community Acquired Pneumonia,"fever, productive cough, chest pain",Azithromycin,500 mg,once daily,5 days,for 4 days,mild nausea
P0488,Divya Menon 25,56,Male,2025-02-23,Neurology,"Patient complains of severe headache, nausea and sensitivity to light for 1 month. Assessment indicates migraine. Sumatriptan 50 mg was prescribed as needed for 7 days. No adverse drug reaction reported.",Migraine,"severe headache, nausea, sensitivity to light",Sumatriptan,50 mg,as needed,7 days,for 1 month,none
P0489,Karthik Rao 25,27,Male,2026-09-25,Gastroenterology,"Patient has upper abdominal pain, heartburn and nausea for 10 days. Evaluation suggested gastritis. Pantoprazole 40 mg was prescribed once daily for 14 days. No adverse drug reaction reported.",Gastritis,"upper abdominal pain, heartburn, nausea",Pantoprazole,40 mg,once daily,14 days,for 10 days,none
P0490,Ananya Patel 25,21,Male,2025-10-06,Urology,"Patient reports burning urination, urinary frequency and lower abdominal discomfort for 3 days. Findings were consistent with urinary tract infection. Nitrofurantoin 100 mg was prescribed twice daily for 7 days. Mild nausea was recorded as an adverse drug reaction.",Urinary Tract Infection,"burning urination, urinary frequency, lower abdominal discomfort",Nitrofurantoin,100 mg,twice daily,7 days,for 3 days,mild nausea
P0491,Suresh Pillai 25,46,Female,2026-05-13,Hematology,"Follow-up visit. Patient reports fatigue, weakness and pale skin for 2 months. Laboratory findings confirmed iron deficiency anemia. Ferrous Sulfate 325 mg was prescribed once daily for 60 days. Constipation was recorded as an adverse drug reaction.",Iron Deficiency Anemia,"fatigue, weakness, pale skin",Ferrous Sulfate,325 mg,once daily,60 days,for 2 months,constipation
P0492,Nandhini Gupta 25,56,Female,2026-03-01,Endocrinology,"Patient complains of fatigue, weight gain and cold intolerance for 6 months. Thyroid testing confirmed hypothyroidism. Levothyroxine 50 mcg was prescribed once daily for 90 days. No adverse drug reaction reported.",Hypothyroidism,"fatigue, weight gain, cold intolerance",Levothyroxine,50 mcg,once daily,90 days,for 6 months,none
P0493,Ravi Varma 25,35,Male,2026-06-09,Orthopedics,"Patient reports knee pain, stiffness and difficulty walking for 3 months. Assessment confirmed osteoarthritis. Paracetamol 650 mg was prescribed three times daily for 10 days. No adverse drug reaction was reported.",Osteoarthritis,"knee pain, stiffness, difficulty walking",Paracetamol,650 mg,three times daily,10 days,for 3 months,none
P0494,Keerthana Shah 25,25,Female,2026-03-17,ENT,"Patient presents with sneezing, runny nose and itchy eyes for 5 days. Findings were consistent with allergic rhinitis. Cetirizine 10 mg was prescribed once nightly for 10 days. Mild drowsiness was reported as an adverse drug reaction.",Allergic Rhinitis,"sneezing, runny nose, itchy eyes",Cetirizine,10 mg,once nightly,10 days,for 5 days,mild drowsiness
P0495,Ajay Singh 25,25,Female,2026-08-31,General Medicine,"Patient reports cough, sore throat and mild fever for 1 week. Assessment indicated acute bronchitis. Dextromethorphan 10 mg was prescribed three times daily for 5 days. No adverse drug reaction reported.",Acute Bronchitis,"cough, sore throat, mild fever",Dextromethorphan,10 mg,three times daily,5 days,for 1 week,none
P0496,Swetha Bose 25,49,Female,2025-02-16,Gastroenterology,"Follow-up visit. Patient has burning stomach pain, nausea and bloating for 3 weeks. Evaluation suggested peptic ulcer disease. Omeprazole 20 mg was prescribed twice daily for 28 days. Headache was documented as an adverse drug reaction.",Peptic Ulcer Disease,"burning stomach pain, nausea, bloating",Omeprazole,20 mg,twice daily,28 days,for 3 weeks,headache
P0497,Pradeep Chandran 25,32,Female,2026-09-06,Cardiology,Recent health screening showed elevated cholesterol consistent with hyperlipidemia. Atorvastatin 20 mg was prescribed once nightly for 90 days. Mild muscle pain was recorded as an adverse drug reaction.,Hyperlipidemia,elevated cholesterol,Atorvastatin,20 mg,once nightly,90 days,during recent health screening,mild muscle pain
P0498,Harini Prakash 25,21,Male,2025-07-29,ENT,"Patient presents with facial pain, nasal congestion and headache for 6 days. Findings indicated acute sinusitis. Amoxicillin 500 mg was prescribed three times daily for 7 days. Mild diarrhea was recorded as an adverse drug reaction.",Acute Sinusitis,"facial pain, nasal congestion, headache",Amoxicillin,500 mg,three times daily,7 days,for 6 days,mild diarrhea
P0499,Manoj Das 25,37,Male,2025-05-21,Dermatology,"Patient reports itching, redness and dry skin for 1 week. Examination was consistent with dermatitis. Hydrocortisone cream 1% was advised twice daily for 7 days. No adverse drug reaction was noted.",Dermatitis,"itching, redness, dry skin",Hydrocortisone cream,1%,twice daily,7 days,for 1 week,none
P0500,Deepa Mohan 25,66,Female,2025-10-24,Rheumatology,"Patient has joint pain, morning stiffness and swollen fingers for 4 months. Assessment confirmed rheumatoid arthritis. Methotrexate 15 mg was prescribed once weekly for 8 weeks. Mild mouth ulcers were reported as an adverse drug reaction.",Rheumatoid Arthritis,"joint pain, morning stiffness, swollen fingers",Methotrexate,15 mg,once weekly,8 weeks,for 4 months,mild mouth ulcers
P0501,Arun Kumar 26,38,Male,2025-01-08,Psychiatry,"Follow-up visit. Patient reports low mood, poor sleep and loss of interest for 2 months. Assessment indicated depression. Sertraline 50 mg was prescribed once daily for 30 days. Mild nausea was documented as an adverse drug reaction.",Depression,"low mood, poor sleep, loss of interest",Sertraline,50 mg,once daily,30 days,for 2 months,mild nausea
P0502,Priya Sharma 26,49,Female,2025-06-29,Gastroenterology,"Patient complains of heartburn, sour taste and chest discomfort for 2 weeks. Assessment was consistent with acid reflux. Famotidine 20 mg was prescribed twice daily for 14 days. No adverse drug reaction reported.",Acid Reflux,"heartburn, sour taste, chest discomfort",Famotidine,20 mg,twice daily,14 days,for 2 weeks,none
P0503,Rahul Krishnan 26,26,Female,2026-06-30,General Medicine,"Patient developed fever, body ache and headache since 2 days. Assessment suggested viral fever. Paracetamol 500 mg was advised every 6 hours as needed for 5 days. No adverse drug reaction reported.",Viral Fever,"fever, body ache, headache",Paracetamol,500 mg,every 6 hours as needed,5 days,since 2 days,none
P0504,Meena Lakshmi 26,63,Male,2026-05-28,Dermatology,"Patient presents with facial pimples, oily skin and redness for 3 months. Assessment confirmed acne vulgaris. Doxycycline 100 mg was prescribed once daily for 30 days. Mild stomach upset was reported as an adverse drug reaction.",Acne Vulgaris,"facial pimples, oily skin, redness",Doxycycline,100 mg,once daily,30 days,for 3 months,mild stomach upset
P0505,Santhosh Reddy 26,53,Female,2025-03-15,Diabetology,"Patient reports increased thirst, frequent urination and fatigue for the past 3 weeks. Diagnosed with Type 2 Diabetes Mellitus. Metformin 500 mg was prescribed twice daily for 30 days. No adverse drug reaction reported.",Type 2 Diabetes Mellitus,"increased thirst, frequent urination, fatigue",Metformin,500 mg,twice daily,30 days,for the past 3 weeks,none
P0506,Kavya Nair 26,43,Male,2026-03-23,Cardiology,Follow-up visit. Patient presented with headache and dizziness for 2 weeks. Assessment confirmed hypertension. Amlodipine 5 mg was prescribed once daily for 30 days. Mild ankle swelling was reported as an adverse drug reaction.,Hypertension,"headache, dizziness",Amlodipine,5 mg,once daily,30 days,for 2 weeks,mild ankle swelling
P0507,Vignesh Iyer 26,19,Female,2025-03-21,Pulmonology,"Patient has wheezing, shortness of breath and chest tightness since yesterday. Assessment was consistent with bronchial asthma. Salbutamol inhaler 100 mcg was advised as needed for 14 days. No adverse reaction was noted.",Bronchial Asthma,"wheezing, shortness of breath, chest tightness",Salbutamol inhaler,100 mcg,as needed,14 days,since yesterday,none
P0508,Divya Menon 26,73,Female,2026-08-13,General Medicine,"Patient reports fever, productive cough and chest pain for 4 days. Imaging suggested community acquired pneumonia. Azithromycin 500 mg was prescribed once daily for 5 days. Mild nausea was reported as an adverse drug reaction.",Community Acquired Pneumonia,"fever, productive cough, chest pain",Azithromycin,500 mg,once daily,5 days,for 4 days,mild nausea
P0509,Karthik Rao 26,45,Female,2026-03-04,Neurology,"Patient complains of severe headache, nausea and sensitivity to light for 1 month. Assessment indicates migraine. Sumatriptan 50 mg was prescribed as needed for 7 days. No adverse drug reaction reported.",Migraine,"severe headache, nausea, sensitivity to light",Sumatriptan,50 mg,as needed,7 days,for 1 month,none
P0510,Ananya Patel 26,36,Male,2026-02-19,Gastroenterology,"Patient has upper abdominal pain, heartburn and nausea for 10 days. Evaluation suggested gastritis. Pantoprazole 40 mg was prescribed once daily for 14 days. No adverse drug reaction reported.",Gastritis,"upper abdominal pain, heartburn, nausea",Pantoprazole,40 mg,once daily,14 days,for 10 days,none
P0511,Suresh Pillai 26,19,Female,2025-06-25,Urology,"Follow-up visit. Patient reports burning urination, urinary frequency and lower abdominal discomfort for 3 days. Findings were consistent with urinary tract infection. Nitrofurantoin 100 mg was prescribed twice daily for 7 days. Mild nausea was recorded as an adverse drug reaction.",Urinary Tract Infection,"burning urination, urinary frequency, lower abdominal discomfort",Nitrofurantoin,100 mg,twice daily,7 days,for 3 days,mild nausea
P0512,Nandhini Gupta 26,69,Female,2026-01-06,Hematology,"Patient reports fatigue, weakness and pale skin for 2 months. Laboratory findings confirmed iron deficiency anemia. Ferrous Sulfate 325 mg was prescribed once daily for 60 days. Constipation was recorded as an adverse drug reaction.",Iron Deficiency Anemia,"fatigue, weakness, pale skin",Ferrous Sulfate,325 mg,once daily,60 days,for 2 months,constipation
P0513,Ravi Varma 26,23,Female,2025-04-19,Endocrinology,"Patient complains of fatigue, weight gain and cold intolerance for 6 months. Thyroid testing confirmed hypothyroidism. Levothyroxine 50 mcg was prescribed once daily for 90 days. No adverse drug reaction reported.",Hypothyroidism,"fatigue, weight gain, cold intolerance",Levothyroxine,50 mcg,once daily,90 days,for 6 months,none
P0514,Keerthana Shah 26,33,Female,2026-08-27,Orthopedics,"Patient reports knee pain, stiffness and difficulty walking for 3 months. Assessment confirmed osteoarthritis. Paracetamol 650 mg was prescribed three times daily for 10 days. No adverse drug reaction was reported.",Osteoarthritis,"knee pain, stiffness, difficulty walking",Paracetamol,650 mg,three times daily,10 days,for 3 months,none
P0515,Ajay Singh 26,43,Male,2026-02-10,ENT,"Patient presents with sneezing, runny nose and itchy eyes for 5 days. Findings were consistent with allergic rhinitis. Cetirizine 10 mg was prescribed once nightly for 10 days. Mild drowsiness was reported as an adverse drug reaction.",Allergic Rhinitis,"sneezing, runny nose, itchy eyes",Cetirizine,10 mg,once nightly,10 days,for 5 days,mild drowsiness
P0516,Swetha Bose 26,73,Female,2025-12-14,General Medicine,"Follow-up visit. Patient reports cough, sore throat and mild fever for 1 week. Assessment indicated acute bronchitis. Dextromethorphan 10 mg was prescribed three times daily for 5 days. No adverse drug reaction reported.",Acute Bronchitis,"cough, sore throat, mild fever",Dextromethorphan,10 mg,three times daily,5 days,for 1 week,none
P0517,Pradeep Chandran 26,32,Female,2025-06-22,Gastroenterology,"Patient has burning stomach pain, nausea and bloating for 3 weeks. Evaluation suggested peptic ulcer disease. Omeprazole 20 mg was prescribed twice daily for 28 days. Headache was documented as an adverse drug reaction.",Peptic Ulcer Disease,"burning stomach pain, nausea, bloating",Omeprazole,20 mg,twice daily,28 days,for 3 weeks,headache
P0518,Harini Prakash 26,22,Male,2026-06-28,Cardiology,Recent health screening showed elevated cholesterol consistent with hyperlipidemia. Atorvastatin 20 mg was prescribed once nightly for 90 days. Mild muscle pain was recorded as an adverse drug reaction.,Hyperlipidemia,elevated cholesterol,Atorvastatin,20 mg,once nightly,90 days,during recent health screening,mild muscle pain
P0519,Manoj Das 26,50,Male,2025-12-24,ENT,"Patient presents with facial pain, nasal congestion and headache for 6 days. Findings indicated acute sinusitis. Amoxicillin 500 mg was prescribed three times daily for 7 days. Mild diarrhea was recorded as an adverse drug reaction.",Acute Sinusitis,"facial pain, nasal congestion, headache",Amoxicillin,500 mg,three times daily,7 days,for 6 days,mild diarrhea
P0520,Deepa Mohan 26,40,Male,2025-08-30,Dermatology,"Patient reports itching, redness and dry skin for 1 week. Examination was consistent with dermatitis. Hydrocortisone cream 1% was advised twice daily for 7 days. No adverse drug reaction was noted.",Dermatitis,"itching, redness, dry skin",Hydrocortisone cream,1%,twice daily,7 days,for 1 week,none
P0521,Arun Kumar 27,24,Male,2025-09-20,Rheumatology,"Follow-up visit. Patient has joint pain, morning stiffness and swollen fingers for 4 months. Assessment confirmed rheumatoid arthritis. Methotrexate 15 mg was prescribed once weekly for 8 weeks. Mild mouth ulcers were reported as an adverse drug reaction.",Rheumatoid Arthritis,"joint pain, morning stiffness, swollen fingers",Methotrexate,15 mg,once weekly,8 weeks,for 4 months,mild mouth ulcers
P0522,Priya Sharma 27,30,Male,2026-09-09,Psychiatry,"Patient reports low mood, poor sleep and loss of interest for 2 months. Assessment indicated depression. Sertraline 50 mg was prescribed once daily for 30 days. Mild nausea was documented as an adverse drug reaction.",Depression,"low mood, poor sleep, loss of interest",Sertraline,50 mg,once daily,30 days,for 2 months,mild nausea
P0523,Rahul Krishnan 27,27,Male,2025-07-01,Gastroenterology,"Patient complains of heartburn, sour taste and chest discomfort for 2 weeks. Assessment was consistent with acid reflux. Famotidine 20 mg was prescribed twice daily for 14 days. No adverse drug reaction reported.",Acid Reflux,"heartburn, sour taste, chest discomfort",Famotidine,20 mg,twice daily,14 days,for 2 weeks,none
P0524,Meena Lakshmi 27,78,Female,2026-04-21,General Medicine,"Patient developed fever, body ache and headache since 2 days. Assessment suggested viral fever. Paracetamol 500 mg was advised every 6 hours as needed for 5 days. No adverse drug reaction reported.",Viral Fever,"fever, body ache, headache",Paracetamol,500 mg,every 6 hours as needed,5 days,since 2 days,none
P0525,Santhosh Reddy 27,66,Female,2026-08-02,Dermatology,"Patient presents with facial pimples, oily skin and redness for 3 months. Assessment confirmed acne vulgaris. Doxycycline 100 mg was prescribed once daily for 30 days. Mild stomach upset was reported as an adverse drug reaction.",Acne Vulgaris,"facial pimples, oily skin, redness",Doxycycline,100 mg,once daily,30 days,for 3 months,mild stomach upset
P0526,Kavya Nair 27,59,Female,2025-11-20,Diabetology,"Follow-up visit. Patient reports increased thirst, frequent urination and fatigue for the past 3 weeks. Diagnosed with Type 2 Diabetes Mellitus. Metformin 500 mg was prescribed twice daily for 30 days. No adverse drug reaction reported.",Type 2 Diabetes Mellitus,"increased thirst, frequent urination, fatigue",Metformin,500 mg,twice daily,30 days,for the past 3 weeks,none
P0527,Vignesh Iyer 27,27,Female,2025-03-11,Cardiology,Patient presented with headache and dizziness for 2 weeks. Assessment confirmed hypertension. Amlodipine 5 mg was prescribed once daily for 30 days. Mild ankle swelling was reported as an adverse drug reaction.,Hypertension,"headache, dizziness",Amlodipine,5 mg,once daily,30 days,for 2 weeks,mild ankle swelling
P0528,Divya Menon 27,48,Female,2025-11-07,Pulmonology,"Patient has wheezing, shortness of breath and chest tightness since yesterday. Assessment was consistent with bronchial asthma. Salbutamol inhaler 100 mcg was advised as needed for 14 days. No adverse reaction was noted.",Bronchial Asthma,"wheezing, shortness of breath, chest tightness",Salbutamol inhaler,100 mcg,as needed,14 days,since yesterday,none
P0529,Karthik Rao 27,68,Female,2026-08-29,General Medicine,"Patient reports fever, productive cough and chest pain for 4 days. Imaging suggested community acquired pneumonia. Azithromycin 500 mg was prescribed once daily for 5 days. Mild nausea was reported as an adverse drug reaction.",Community Acquired Pneumonia,"fever, productive cough, chest pain",Azithromycin,500 mg,once daily,5 days,for 4 days,mild nausea
P0530,Ananya Patel 27,21,Female,2026-06-04,Neurology,"Patient complains of severe headache, nausea and sensitivity to light for 1 month. Assessment indicates migraine. Sumatriptan 50 mg was prescribed as needed for 7 days. No adverse drug reaction reported.",Migraine,"severe headache, nausea, sensitivity to light",Sumatriptan,50 mg,as needed,7 days,for 1 month,none
P0531,Suresh Pillai 27,22,Female,2026-04-18,Gastroenterology,"Follow-up visit. Patient has upper abdominal pain, heartburn and nausea for 10 days. Evaluation suggested gastritis. Pantoprazole 40 mg was prescribed once daily for 14 days. No adverse drug reaction reported.",Gastritis,"upper abdominal pain, heartburn, nausea",Pantoprazole,40 mg,once daily,14 days,for 10 days,none
P0532,Nandhini Gupta 27,46,Male,2025-02-28,Urology,"Patient reports burning urination, urinary frequency and lower abdominal discomfort for 3 days. Findings were consistent with urinary tract infection. Nitrofurantoin 100 mg was prescribed twice daily for 7 days. Mild nausea was recorded as an adverse drug reaction.",Urinary Tract Infection,"burning urination, urinary frequency, lower abdominal discomfort",Nitrofurantoin,100 mg,twice daily,7 days,for 3 days,mild nausea
P0533,Ravi Varma 27,41,Female,2025-03-20,Hematology,"Patient reports fatigue, weakness and pale skin for 2 months. Laboratory findings confirmed iron deficiency anemia. Ferrous Sulfate 325 mg was prescribed once daily for 60 days. Constipation was recorded as an adverse drug reaction.",Iron Deficiency Anemia,"fatigue, weakness, pale skin",Ferrous Sulfate,325 mg,once daily,60 days,for 2 months,constipation
P0534,Keerthana Shah 27,59,Male,2026-09-22,Endocrinology,"Patient complains of fatigue, weight gain and cold intolerance for 6 months. Thyroid testing confirmed hypothyroidism. Levothyroxine 50 mcg was prescribed once daily for 90 days. No adverse drug reaction reported.",Hypothyroidism,"fatigue, weight gain, cold intolerance",Levothyroxine,50 mcg,once daily,90 days,for 6 months,none
P0535,Ajay Singh 27,56,Female,2026-04-19,Orthopedics,"Patient reports knee pain, stiffness and difficulty walking for 3 months. Assessment confirmed osteoarthritis. Paracetamol 650 mg was prescribed three times daily for 10 days. No adverse drug reaction was reported.",Osteoarthritis,"knee pain, stiffness, difficulty walking",Paracetamol,650 mg,three times daily,10 days,for 3 months,none
P0536,Swetha Bose 27,55,Male,2026-04-06,ENT,"Follow-up visit. Patient presents with sneezing, runny nose and itchy eyes for 5 days. Findings were consistent with allergic rhinitis. Cetirizine 10 mg was prescribed once nightly for 10 days. Mild drowsiness was reported as an adverse drug reaction.",Allergic Rhinitis,"sneezing, runny nose, itchy eyes",Cetirizine,10 mg,once nightly,10 days,for 5 days,mild drowsiness
P0537,Pradeep Chandran 27,76,Male,2025-11-26,General Medicine,"Patient reports cough, sore throat and mild fever for 1 week. Assessment indicated acute bronchitis. Dextromethorphan 10 mg was prescribed three times daily for 5 days. No adverse drug reaction reported.",Acute Bronchitis,"cough, sore throat, mild fever",Dextromethorphan,10 mg,three times daily,5 days,for 1 week,none
P0538,Harini Prakash 27,56,Female,2026-05-29,Gastroenterology,"Patient has burning stomach pain, nausea and bloating for 3 weeks. Evaluation suggested peptic ulcer disease. Omeprazole 20 mg was prescribed twice daily for 28 days. Headache was documented as an adverse drug reaction.",Peptic Ulcer Disease,"burning stomach pain, nausea, bloating",Omeprazole,20 mg,twice daily,28 days,for 3 weeks,headache
P0539,Manoj Das 27,27,Male,2026-04-07,Cardiology,Recent health screening showed elevated cholesterol consistent with hyperlipidemia. Atorvastatin 20 mg was prescribed once nightly for 90 days. Mild muscle pain was recorded as an adverse drug reaction.,Hyperlipidemia,elevated cholesterol,Atorvastatin,20 mg,once nightly,90 days,during recent health screening,mild muscle pain
P0540,Deepa Mohan 27,24,Female,2025-03-28,ENT,"Patient presents with facial pain, nasal congestion and headache for 6 days. Findings indicated acute sinusitis. Amoxicillin 500 mg was prescribed three times daily for 7 days. Mild diarrhea was recorded as an adverse drug reaction.",Acute Sinusitis,"facial pain, nasal congestion, headache",Amoxicillin,500 mg,three times daily,7 days,for 6 days,mild diarrhea
P0541,Arun Kumar 28,50,Male,2025-02-10,Dermatology,"Follow-up visit. Patient reports itching, redness and dry skin for 1 week. Examination was consistent with dermatitis. Hydrocortisone cream 1% was advised twice daily for 7 days. No adverse drug reaction was noted.",Dermatitis,"itching, redness, dry skin",Hydrocortisone cream,1%,twice daily,7 days,for 1 week,none
P0542,Priya Sharma 28,33,Female,2026-03-26,Rheumatology,"Patient has joint pain, morning stiffness and swollen fingers for 4 months. Assessment confirmed rheumatoid arthritis. Methotrexate 15 mg was prescribed once weekly for 8 weeks. Mild mouth ulcers were reported as an adverse drug reaction.",Rheumatoid Arthritis,"joint pain, morning stiffness, swollen fingers",Methotrexate,15 mg,once weekly,8 weeks,for 4 months,mild mouth ulcers
P0543,Rahul Krishnan 28,51,Male,2026-01-08,Psychiatry,"Patient reports low mood, poor sleep and loss of interest for 2 months. Assessment indicated depression. Sertraline 50 mg was prescribed once daily for 30 days. Mild nausea was documented as an adverse drug reaction.",Depression,"low mood, poor sleep, loss of interest",Sertraline,50 mg,once daily,30 days,for 2 months,mild nausea
P0544,Meena Lakshmi 28,41,Female,2026-02-01,Gastroenterology,"Patient complains of heartburn, sour taste and chest discomfort for 2 weeks. Assessment was consistent with acid reflux. Famotidine 20 mg was prescribed twice daily for 14 days. No adverse drug reaction reported.",Acid Reflux,"heartburn, sour taste, chest discomfort",Famotidine,20 mg,twice daily,14 days,for 2 weeks,none
P0545,Santhosh Reddy 28,44,Female,2026-09-05,General Medicine,"Patient developed fever, body ache and headache since 2 days. Assessment suggested viral fever. Paracetamol 500 mg was advised every 6 hours as needed for 5 days. No adverse drug reaction reported.",Viral Fever,"fever, body ache, headache",Paracetamol,500 mg,every 6 hours as needed,5 days,since 2 days,none
P0546,Kavya Nair 28,21,Female,2025-03-09,Dermatology,"Follow-up visit. Patient presents with facial pimples, oily skin and redness for 3 months. Assessment confirmed acne vulgaris. Doxycycline 100 mg was prescribed once daily for 30 days. Mild stomach upset was reported as an adverse drug reaction.",Acne Vulgaris,"facial pimples, oily skin, redness",Doxycycline,100 mg,once daily,30 days,for 3 months,mild stomach upset
P0547,Vignesh Iyer 28,39,Male,2026-07-26,Diabetology,"Patient reports increased thirst, frequent urination and fatigue for the past 3 weeks. Diagnosed with Type 2 Diabetes Mellitus. Metformin 500 mg was prescribed twice daily for 30 days. No adverse drug reaction reported.",Type 2 Diabetes Mellitus,"increased thirst, frequent urination, fatigue",Metformin,500 mg,twice daily,30 days,for the past 3 weeks,none
P0548,Divya Menon 28,61,Female,2025-10-18,Cardiology,Patient presented with headache and dizziness for 2 weeks. Assessment confirmed hypertension. Amlodipine 5 mg was prescribed once daily for 30 days. Mild ankle swelling was reported as an adverse drug reaction.,Hypertension,"headache, dizziness",Amlodipine,5 mg,once daily,30 days,for 2 weeks,mild ankle swelling
P0549,Karthik Rao 28,34,Male,2025-12-08,Pulmonology,"Patient has wheezing, shortness of breath and chest tightness since yesterday. Assessment was consistent with bronchial asthma. Salbutamol inhaler 100 mcg was advised as needed for 14 days. No adverse reaction was noted.",Bronchial Asthma,"wheezing, shortness of breath, chest tightness",Salbutamol inhaler,100 mcg,as needed,14 days,since yesterday,none
P0550,Ananya Patel 28,23,Male,2025-12-25,General Medicine,"Patient reports fever, productive cough and chest pain for 4 days. Imaging suggested community acquired pneumonia. Azithromycin 500 mg was prescribed once daily for 5 days. Mild nausea was reported as an adverse drug reaction.",Community Acquired Pneumonia,"fever, productive cough, chest pain",Azithromycin,500 mg,once daily,5 days,for 4 days,mild nausea
P0551,Suresh Pillai 28,37,Female,2025-05-13,Neurology,"Follow-up visit. Patient complains of severe headache, nausea and sensitivity to light for 1 month. Assessment indicates migraine. Sumatriptan 50 mg was prescribed as needed for 7 days. No adverse drug reaction reported.",Migraine,"severe headache, nausea, sensitivity to light",Sumatriptan,50 mg,as needed,7 days,for 1 month,none
P0552,Nandhini Gupta 28,56,Male,2025-11-14,Gastroenterology,"Patient has upper abdominal pain, heartburn and nausea for 10 days. Evaluation suggested gastritis. Pantoprazole 40 mg was prescribed once daily for 14 days. No adverse drug reaction reported.",Gastritis,"upper abdominal pain, heartburn, nausea",Pantoprazole,40 mg,once daily,14 days,for 10 days,none
P0553,Ravi Varma 28,53,Female,2025-12-03,Urology,"Patient reports burning urination, urinary frequency and lower abdominal discomfort for 3 days. Findings were consistent with urinary tract infection. Nitrofurantoin 100 mg was prescribed twice daily for 7 days. Mild nausea was recorded as an adverse drug reaction.",Urinary Tract Infection,"burning urination, urinary frequency, lower abdominal discomfort",Nitrofurantoin,100 mg,twice daily,7 days,for 3 days,mild nausea
P0554,Keerthana Shah 28,70,Male,2026-06-24,Hematology,"Patient reports fatigue, weakness and pale skin for 2 months. Laboratory findings confirmed iron deficiency anemia. Ferrous Sulfate 325 mg was prescribed once daily for 60 days. Constipation was recorded as an adverse drug reaction.",Iron Deficiency Anemia,"fatigue, weakness, pale skin",Ferrous Sulfate,325 mg,once daily,60 days,for 2 months,constipation
P0555,Ajay Singh 28,23,Female,2026-06-05,Endocrinology,"Patient complains of fatigue, weight gain and cold intolerance for 6 months. Thyroid testing confirmed hypothyroidism. Levothyroxine 50 mcg was prescribed once daily for 90 days. No adverse drug reaction reported.",Hypothyroidism,"fatigue, weight gain, cold intolerance",Levothyroxine,50 mcg,once daily,90 days,for 6 months,none
P0556,Swetha Bose 28,41,Male,2026-01-07,Orthopedics,"Follow-up visit. Patient reports knee pain, stiffness and difficulty walking for 3 months. Assessment confirmed osteoarthritis. Paracetamol 650 mg was prescribed three times daily for 10 days. No adverse drug reaction was reported.",Osteoarthritis,"knee pain, stiffness, difficulty walking",Paracetamol,650 mg,three times daily,10 days,for 3 months,none
P0557,Pradeep Chandran 28,37,Male,2025-08-08,ENT,"Patient presents with sneezing, runny nose and itchy eyes for 5 days. Findings were consistent with allergic rhinitis. Cetirizine 10 mg was prescribed once nightly for 10 days. Mild drowsiness was reported as an adverse drug reaction.",Allergic Rhinitis,"sneezing, runny nose, itchy eyes",Cetirizine,10 mg,once nightly,10 days,for 5 days,mild drowsiness
P0558,Harini Prakash 28,39,Female,2025-07-16,General Medicine,"Patient reports cough, sore throat and mild fever for 1 week. Assessment indicated acute bronchitis. Dextromethorphan 10 mg was prescribed three times daily for 5 days. No adverse drug reaction reported.",Acute Bronchitis,"cough, sore throat, mild fever",Dextromethorphan,10 mg,three times daily,5 days,for 1 week,none
P0559,Manoj Das 28,32,Male,2025-06-08,Gastroenterology,"Patient has burning stomach pain, nausea and bloating for 3 weeks. Evaluation suggested peptic ulcer disease. Omeprazole 20 mg was prescribed twice daily for 28 days. Headache was documented as an adverse drug reaction.",Peptic Ulcer Disease,"burning stomach pain, nausea, bloating",Omeprazole,20 mg,twice daily,28 days,for 3 weeks,headache
P0560,Deepa Mohan 28,22,Female,2025-04-14,Cardiology,Recent health screening showed elevated cholesterol consistent with hyperlipidemia. Atorvastatin 20 mg was prescribed once nightly for 90 days. Mild muscle pain was recorded as an adverse drug reaction.,Hyperlipidemia,elevated cholesterol,Atorvastatin,20 mg,once nightly,90 days,during recent health screening,mild muscle pain
P0561,Arun Kumar 29,50,Male,2025-12-11,ENT,"Follow-up visit. Patient presents with facial pain, nasal congestion and headache for 6 days. Findings indicated acute sinusitis. Amoxicillin 500 mg was prescribed three times daily for 7 days. Mild diarrhea was recorded as an adverse drug reaction.",Acute Sinusitis,"facial pain, nasal congestion, headache",Amoxicillin,500 mg,three times daily,7 days,for 6 days,mild diarrhea
P0562,Priya Sharma 29,74,Male,2026-09-04,Dermatology,"Patient reports itching, redness and dry skin for 1 week. Examination was consistent with dermatitis. Hydrocortisone cream 1% was advised twice daily for 7 days. No adverse drug reaction was noted.",Dermatitis,"itching, redness, dry skin",Hydrocortisone cream,1%,twice daily,7 days,for 1 week,none
P0563,Rahul Krishnan 29,42,Male,2025-06-16,Rheumatology,"Patient has joint pain, morning stiffness and swollen fingers for 4 months. Assessment confirmed rheumatoid arthritis. Methotrexate 15 mg was prescribed once weekly for 8 weeks. Mild mouth ulcers were reported as an adverse drug reaction.",Rheumatoid Arthritis,"joint pain, morning stiffness, swollen fingers",Methotrexate,15 mg,once weekly,8 weeks,for 4 months,mild mouth ulcers
P0564,Meena Lakshmi 29,29,Male,2026-03-25,Psychiatry,"Patient reports low mood, poor sleep and loss of interest for 2 months. Assessment indicated depression. Sertraline 50 mg was prescribed once daily for 30 days. Mild nausea was documented as an adverse drug reaction.",Depression,"low mood, poor sleep, loss of interest",Sertraline,50 mg,once daily,30 days,for 2 months,mild nausea
P0565,Santhosh Reddy 29,20,Female,2026-01-09,Gastroenterology,"Patient complains of heartburn, sour taste and chest discomfort for 2 weeks. Assessment was consistent with acid reflux. Famotidine 20 mg was prescribed twice daily for 14 days. No adverse drug reaction reported.",Acid Reflux,"heartburn, sour taste, chest discomfort",Famotidine,20 mg,twice daily,14 days,for 2 weeks,none
P0566,Kavya Nair 29,61,Male,2026-03-31,General Medicine,"Follow-up visit. Patient developed fever, body ache and headache since 2 days. Assessment suggested viral fever. Paracetamol 500 mg was advised every 6 hours as needed for 5 days. No adverse drug reaction reported.",Viral Fever,"fever, body ache, headache",Paracetamol,500 mg,every 6 hours as needed,5 days,since 2 days,none
P0567,Vignesh Iyer 29,57,Female,2026-04-05,Dermatology,"Patient presents with facial pimples, oily skin and redness for 3 months. Assessment confirmed acne vulgaris. Doxycycline 100 mg was prescribed once daily for 30 days. Mild stomach upset was reported as an adverse drug reaction.",Acne Vulgaris,"facial pimples, oily skin, redness",Doxycycline,100 mg,once daily,30 days,for 3 months,mild stomach upset
P0568,Divya Menon 29,32,Male,2025-11-13,Diabetology,"Patient reports increased thirst, frequent urination and fatigue for the past 3 weeks. Diagnosed with Type 2 Diabetes Mellitus. Metformin 500 mg was prescribed twice daily for 30 days. No adverse drug reaction reported.",Type 2 Diabetes Mellitus,"increased thirst, frequent urination, fatigue",Metformin,500 mg,twice daily,30 days,for the past 3 weeks,none
P0569,Karthik Rao 29,69,Female,2025-07-18,Cardiology,Patient presented with headache and dizziness for 2 weeks. Assessment confirmed hypertension. Amlodipine 5 mg was prescribed once daily for 30 days. Mild ankle swelling was reported as an adverse drug reaction.,Hypertension,"headache, dizziness",Amlodipine,5 mg,once daily,30 days,for 2 weeks,mild ankle swelling
P0570,Ananya Patel 29,41,Female,2026-04-18,Pulmonology,"Patient has wheezing, shortness of breath and chest tightness since yesterday. Assessment was consistent with bronchial asthma. Salbutamol inhaler 100 mcg was advised as needed for 14 days. No adverse reaction was noted.",Bronchial Asthma,"wheezing, shortness of breath, chest tightness",Salbutamol inhaler,100 mcg,as needed,14 days,since yesterday,none
P0571,Suresh Pillai 29,67,Female,2026-01-27,General Medicine,"Follow-up visit. Patient reports fever, productive cough and chest pain for 4 days. Imaging suggested community acquired pneumonia. Azithromycin 500 mg was prescribed once daily for 5 days. Mild nausea was reported as an adverse drug reaction.",Community Acquired Pneumonia,"fever, productive cough, chest pain",Azithromycin,500 mg,once daily,5 days,for 4 days,mild nausea
P0572,Nandhini Gupta 29,50,Female,2025-06-15,Neurology,"Patient complains of severe headache, nausea and sensitivity to light for 1 month. Assessment indicates migraine. Sumatriptan 50 mg was prescribed as needed for 7 days. No adverse drug reaction reported.",Migraine,"severe headache, nausea, sensitivity to light",Sumatriptan,50 mg,as needed,7 days,for 1 month,none
P0573,Ravi Varma 29,70,Male,2026-09-12,Gastroenterology,"Patient has upper abdominal pain, heartburn and nausea for 10 days. Evaluation suggested gastritis. Pantoprazole 40 mg was prescribed once daily for 14 days. No adverse drug reaction reported.",Gastritis,"upper abdominal pain, heartburn, nausea",Pantoprazole,40 mg,once daily,14 days,for 10 days,none
P0574,Keerthana Shah 29,26,Female,2025-02-23,Urology,"Patient reports burning urination, urinary frequency and lower abdominal discomfort for 3 days. Findings were consistent with urinary tract infection. Nitrofurantoin 100 mg was prescribed twice daily for 7 days. Mild nausea was recorded as an adverse drug reaction.",Urinary Tract Infection,"burning urination, urinary frequency, lower abdominal discomfort",Nitrofurantoin,100 mg,twice daily,7 days,for 3 days,mild nausea
P0575,Ajay Singh 29,59,Female,2026-01-16,Hematology,"Patient reports fatigue, weakness and pale skin for 2 months. Laboratory findings confirmed iron deficiency anemia. Ferrous Sulfate 325 mg was prescribed once daily for 60 days. Constipation was recorded as an adverse drug reaction.",Iron Deficiency Anemia,"fatigue, weakness, pale skin",Ferrous Sulfate,325 mg,once daily,60 days,for 2 months,constipation
P0576,Swetha Bose 29,53,Male,2026-06-13,Endocrinology,"Follow-up visit. Patient complains of fatigue, weight gain and cold intolerance for 6 months. Thyroid testing confirmed hypothyroidism. Levothyroxine 50 mcg was prescribed once daily for 90 days. No adverse drug reaction reported.",Hypothyroidism,"fatigue, weight gain, cold intolerance",Levothyroxine,50 mcg,once daily,90 days,for 6 months,none
P0577,Pradeep Chandran 29,72,Male,2025-10-19,Orthopedics,"Patient reports knee pain, stiffness and difficulty walking for 3 months. Assessment confirmed osteoarthritis. Paracetamol 650 mg was prescribed three times daily for 10 days. No adverse drug reaction was reported.",Osteoarthritis,"knee pain, stiffness, difficulty walking",Paracetamol,650 mg,three times daily,10 days,for 3 months,none
P0578,Harini Prakash 29,23,Male,2025-10-07,ENT,"Patient presents with sneezing, runny nose and itchy eyes for 5 days. Findings were consistent with allergic rhinitis. Cetirizine 10 mg was prescribed once nightly for 10 days. Mild drowsiness was reported as an adverse drug reaction.",Allergic Rhinitis,"sneezing, runny nose, itchy eyes",Cetirizine,10 mg,once nightly,10 days,for 5 days,mild drowsiness
P0579,Manoj Das 29,46,Male,2026-03-24,General Medicine,"Patient reports cough, sore throat and mild fever for 1 week. Assessment indicated acute bronchitis. Dextromethorphan 10 mg was prescribed three times daily for 5 days. No adverse drug reaction reported.",Acute Bronchitis,"cough, sore throat, mild fever",Dextromethorphan,10 mg,three times daily,5 days,for 1 week,none
P0580,Deepa Mohan 29,23,Male,2026-04-07,Gastroenterology,"Patient has burning stomach pain, nausea and bloating for 3 weeks. Evaluation suggested peptic ulcer disease. Omeprazole 20 mg was prescribed twice daily for 28 days. Headache was documented as an adverse drug reaction.",Peptic Ulcer Disease,"burning stomach pain, nausea, bloating",Omeprazole,20 mg,twice daily,28 days,for 3 weeks,headache
P0581,Arun Kumar 30,74,Female,2025-01-28,Cardiology,Follow-up visit. Recent health screening showed elevated cholesterol consistent with hyperlipidemia. Atorvastatin 20 mg was prescribed once nightly for 90 days. Mild muscle pain was recorded as an adverse drug reaction.,Hyperlipidemia,elevated cholesterol,Atorvastatin,20 mg,once nightly,90 days,during recent health screening,mild muscle pain
P0582,Priya Sharma 30,44,Male,2026-02-10,ENT,"Patient presents with facial pain, nasal congestion and headache for 6 days. Findings indicated acute sinusitis. Amoxicillin 500 mg was prescribed three times daily for 7 days. Mild diarrhea was recorded as an adverse drug reaction.",Acute Sinusitis,"facial pain, nasal congestion, headache",Amoxicillin,500 mg,three times daily,7 days,for 6 days,mild diarrhea
P0583,Rahul Krishnan 30,50,Female,2025-08-30,Dermatology,"Patient reports itching, redness and dry skin for 1 week. Examination was consistent with dermatitis. Hydrocortisone cream 1% was advised twice daily for 7 days. No adverse drug reaction was noted.",Dermatitis,"itching, redness, dry skin",Hydrocortisone cream,1%,twice daily,7 days,for 1 week,none
P0584,Meena Lakshmi 30,42,Male,2026-01-19,Rheumatology,"Patient has joint pain, morning stiffness and swollen fingers for 4 months. Assessment confirmed rheumatoid arthritis. Methotrexate 15 mg was prescribed once weekly for 8 weeks. Mild mouth ulcers were reported as an adverse drug reaction.",Rheumatoid Arthritis,"joint pain, morning stiffness, swollen fingers",Methotrexate,15 mg,once weekly,8 weeks,for 4 months,mild mouth ulcers
P0585,Santhosh Reddy 30,32,Male,2025-11-23,Psychiatry,"Patient reports low mood, poor sleep and loss of interest for 2 months. Assessment indicated depression. Sertraline 50 mg was prescribed once daily for 30 days. Mild nausea was documented as an adverse drug reaction.",Depression,"low mood, poor sleep, loss of interest",Sertraline,50 mg,once daily,30 days,for 2 months,mild nausea
P0586,Kavya Nair 30,77,Male,2025-12-10,Gastroenterology,"Follow-up visit. Patient complains of heartburn, sour taste and chest discomfort for 2 weeks. Assessment was consistent with acid reflux. Famotidine 20 mg was prescribed twice daily for 14 days. No adverse drug reaction reported.",Acid Reflux,"heartburn, sour taste, chest discomfort",Famotidine,20 mg,twice daily,14 days,for 2 weeks,none
P0587,Vignesh Iyer 30,68,Male,2025-05-21,General Medicine,"Patient developed fever, body ache and headache since 2 days. Assessment suggested viral fever. Paracetamol 500 mg was advised every 6 hours as needed for 5 days. No adverse drug reaction reported.",Viral Fever,"fever, body ache, headache",Paracetamol,500 mg,every 6 hours as needed,5 days,since 2 days,none
P0588,Divya Menon 30,20,Female,2026-04-29,Dermatology,"Patient presents with facial pimples, oily skin and redness for 3 months. Assessment confirmed acne vulgaris. Doxycycline 100 mg was prescribed once daily for 30 days. Mild stomach upset was reported as an adverse drug reaction.",Acne Vulgaris,"facial pimples, oily skin, redness",Doxycycline,100 mg,once daily,30 days,for 3 months,mild stomach upset
P0589,Karthik Rao 30,62,Male,2026-04-26,Diabetology,"Patient reports increased thirst, frequent urination and fatigue for the past 3 weeks. Diagnosed with Type 2 Diabetes Mellitus. Metformin 500 mg was prescribed twice daily for 30 days. No adverse drug reaction reported.",Type 2 Diabetes Mellitus,"increased thirst, frequent urination, fatigue",Metformin,500 mg,twice daily,30 days,for the past 3 weeks,none
P0590,Ananya Patel 30,46,Male,2025-03-23,Cardiology,Patient presented with headache and dizziness for 2 weeks. Assessment confirmed hypertension. Amlodipine 5 mg was prescribed once daily for 30 days. Mild ankle swelling was reported as an adverse drug reaction.,Hypertension,"headache, dizziness",Amlodipine,5 mg,once daily,30 days,for 2 weeks,mild ankle swelling
P0591,Suresh Pillai 30,19,Female,2025-08-09,Pulmonology,"Follow-up visit. Patient has wheezing, shortness of breath and chest tightness since yesterday. Assessment was consistent with bronchial asthma. Salbutamol inhaler 100 mcg was advised as needed for 14 days. No adverse reaction was noted.",Bronchial Asthma,"wheezing, shortness of breath, chest tightness",Salbutamol inhaler,100 mcg,as needed,14 days,since yesterday,none
P0592,Nandhini Gupta 30,71,Male,2026-07-16,General Medicine,"Patient reports fever, productive cough and chest pain for 4 days. Imaging suggested community acquired pneumonia. Azithromycin 500 mg was prescribed once daily for 5 days. Mild nausea was reported as an adverse drug reaction.",Community Acquired Pneumonia,"fever, productive cough, chest pain",Azithromycin,500 mg,once daily,5 days,for 4 days,mild nausea
P0593,Ravi Varma 30,78,Female,2025-04-24,Neurology,"Patient complains of severe headache, nausea and sensitivity to light for 1 month. Assessment indicates migraine. Sumatriptan 50 mg was prescribed as needed for 7 days. No adverse drug reaction reported.",Migraine,"severe headache, nausea, sensitivity to light",Sumatriptan,50 mg,as needed,7 days,for 1 month,none
P0594,Keerthana Shah 30,67,Female,2025-09-01,Gastroenterology,"Patient has upper abdominal pain, heartburn and nausea for 10 days. Evaluation suggested gastritis. Pantoprazole 40 mg was prescribed once daily for 14 days. No adverse drug reaction reported.",Gastritis,"upper abdominal pain, heartburn, nausea",Pantoprazole,40 mg,once daily,14 days,for 10 days,none
P0595,Ajay Singh 30,37,Male,2025-02-18,Urology,"Patient reports burning urination, urinary frequency and lower abdominal discomfort for 3 days. Findings were consistent with urinary tract infection. Nitrofurantoin 100 mg was prescribed twice daily for 7 days. Mild nausea was recorded as an adverse drug reaction.",Urinary Tract Infection,"burning urination, urinary frequency, lower abdominal discomfort",Nitrofurantoin,100 mg,twice daily,7 days,for 3 days,mild nausea
P0596,Swetha Bose 30,33,Female,2026-09-30,Hematology,"Follow-up visit. Patient reports fatigue, weakness and pale skin for 2 months. Laboratory findings confirmed iron deficiency anemia. Ferrous Sulfate 325 mg was prescribed once daily for 60 days. Constipation was recorded as an adverse drug reaction.",Iron Deficiency Anemia,"fatigue, weakness, pale skin",Ferrous Sulfate,325 mg,once daily,60 days,for 2 months,constipation
P0597,Pradeep Chandran 30,47,Male,2025-04-24,Endocrinology,"Patient complains of fatigue, weight gain and cold intolerance for 6 months. Thyroid testing confirmed hypothyroidism. Levothyroxine 50 mcg was prescribed once daily for 90 days. No adverse drug reaction reported.",Hypothyroidism,"fatigue, weight gain, cold intolerance",Levothyroxine,50 mcg,once daily,90 days,for 6 months,none
P0598,Harini Prakash 30,71,Female,2026-09-04,Orthopedics,"Patient reports knee pain, stiffness and difficulty walking for 3 months. Assessment confirmed osteoarthritis. Paracetamol 650 mg was prescribed three times daily for 10 days. No adverse drug reaction was reported.",Osteoarthritis,"knee pain, stiffness, difficulty walking",Paracetamol,650 mg,three times daily,10 days,for 3 months,none
P0599,Manoj Das 30,52,Male,2026-06-12,ENT,"Patient presents with sneezing, runny nose and itchy eyes for 5 days. Findings were consistent with allergic rhinitis. Cetirizine 10 mg was prescribed once nightly for 10 days. Mild drowsiness was reported as an adverse drug reaction.",Allergic Rhinitis,"sneezing, runny nose, itchy eyes",Cetirizine,10 mg,once nightly,10 days,for 5 days,mild drowsiness
P0600,Deepa Mohan 30,54,Male,2025-05-28,General Medicine,"Patient reports cough, sore throat and mild fever for 1 week. Assessment indicated acute bronchitis. Dextromethorphan 10 mg was prescribed three times daily for 5 days. No adverse drug reaction reported.",Acute Bronchitis,"cough, sore throat, mild fever",Dextromethorphan,10 mg,three times daily,5 days,for 1 week,none
